,total_processes
0,27
1,124
2,1372
3,14
4,16
5,85
6,64
7,487
8,4785
9,1772
10,31
11,110
12,42
13,4922
14,836
15,317
16,147
17,8995
18,1816
19,174
20,8
21,810
22,643
23,262
24,4023
25,118
26,11
27,35
28,43
29,52
30,432
31,24
32,2342
33,272
34,77
35,2253
36,43
37,1019
38,600
39,318
40,3350
41,5232
42,1470
43,55
44,1871
45,143
46,476
47,94
48,9
49,4
50,11139
51,510
52,16
53,281
54,216
55,48
56,1154
57,117
58,126
59,2383
60,171
61,66
62,45
63,36
64,126
65,1234
66,3302
67,66
68,14
69,234
70,397
71,24
72,44
73,34
74,740
75,2477
76,39
77,51
78,63
79,109
80,62
81,203
82,3077
83,73
84,60
85,70
86,531
87,229
88,259
89,134
90,29
91,730
92,138
93,258
94,4
95,71
96,88
97,349
98,84
99,265
100,44
101,191
102,610
103,1671
104,959
105,1935
106,929
107,1182
108,72
109,453
110,14
111,33
112,32
113,2
114,1
115,4042
116,3414
117,50
118,13
119,21
120,1482
121,7
122,525
123,38
124,1677
125,18
126,846
127,54
128,29471
129,1168
130,674
131,3063
132,248
133,1647
134,9
135,9
136,29
137,34
138,85
139,747
140,108
141,3586
142,51
143,9726
144,483
145,1832
146,23
147,103
148,247
149,1926
150,413
151,127
152,1630
153,81
154,1281
155,942
156,23
157,1591
158,3395
159,153
160,44
161,125
162,118
163,2068
164,175
165,119
166,1066
167,871
168,15
169,292
170,871
171,315
172,656
173,733
174,187
175,81
176,424
177,299
178,2133
179,582
180,1068
181,1430
182,33
183,282
184,204
185,17
186,305
187,88
188,108
189,30
190,47
191,11
192,50
193,43
194,241
195,298
196,205
197,42974
198,291
199,110
200,62
201,1104
202,825
203,64
204,1162
205,63
206,1184
207,37
208,29
209,252
210,764
211,168
212,638
213,44
214,4770
215,1004
216,926
217,15
218,32
219,64
220,6
221,40
222,123
223,386
224,365
225,388
226,52
227,211
228,139
229,28
230,29
231,44
232,1156
233,299
234,104
235,60
236,60
237,74
238,744
239,124
240,297
241,73
242,16614
243,89
244,70
245,1045
246,295
247,237
248,95
249,3338
250,416
251,33
252,38
253,128
254,2971
255,30
256,256
257,2204
258,1195
259,138
260,88
261,1309
262,82
263,2202
264,1204
265,48
266,9
267,2507
268,11
269,41
270,701
271,15
272,533
273,29
274,1443
275,36
276,132
277,80
278,22
279,830
280,178
281,59
282,41
283,26
284,574
285,2284
286,21
287,13
288,71
289,20
290,115
291,41
292,68
293,10
294,13
295,15
296,27
297,38
298,18
299,492
300,5
301,210
302,26
303,143
304,396
305,1
306,1183
307,86
308,82
309,373
310,29
311,435
312,37
313,28
314,155
315,384
316,90
317,165
318,166
319,15
320,277
321,30
322,567
323,166
324,228
325,577
326,27
327,48
328,38
329,252
330,1703
331,285
332,406
333,101
334,18
335,1309
336,84
337,79
338,21
339,61
340,41
341,189
342,2419
343,875
344,102
345,18
346,187
347,640
348,6181
349,8
350,55
351,289
352,260
353,83
354,102
355,44
356,43
357,2074
358,19
359,39
360,44
361,39
362,1418
363,8482
364,100
365,8
366,1107
367,78
368,1807
369,1699
370,9009
371,13
372,1503
373,30
374,1
375,17
376,24
377,4
378,2637
379,543
380,2268
381,247
382,272
383,81
384,415
385,33
386,3661
387,190
388,32
389,386
390,101
391,126
392,65
393,3
394,1093
395,34
396,3382
397,115
398,81
399,108
400,1359
401,995
402,197
403,23
404,13
405,6065
406,14
407,40
408,25
409,6540
410,832
411,31
412,139
413,207
414,833
415,108
416,4242
417,69
418,283
419,40
420,242
421,587
422,240
423,2454
424,712
425,154
426,3565
427,116
428,213
429,152
430,18
431,29
432,335
433,2482
434,184
435,158
436,10
437,514
438,13
439,74
440,3290
441,1563
442,1710
443,2566
444,18
445,1731
446,326
447,1199
448,26
449,947
450,992
451,2853
452,1111
453,198
454,74
455,56
456,1090
457,1219
458,38
459,335
460,36
461,1007
462,270
463,2056
464,26264
465,41
466,65
467,207
468,1025
469,50
470,510
471,1889
472,146
473,1211
474,273
475,436
476,137
477,655
478,4813
479,14
480,18
481,14
482,9
483,722
484,14
485,106
486,491
487,167
488,64
489,67
490,2487
491,29
492,205
493,45
494,4
495,8
496,127
497,198
498,3480
499,134
500,207
501,14
502,14
503,8
504,1096
505,268
506,29
507,314
508,1249
509,119
510,58
511,16
512,27
513,1511
514,494
515,87
516,95
517,246
518,2689
519,47
520,187
521,3907
522,149
523,30
524,55
525,27
526,1646
527,382
528,30
529,34
530,17
531,30
532,55
533,48
534,24
535,32
536,26
537,321
538,29
539,1075
540,118
541,4776
542,63
543,581
544,512
545,33
546,90
547,2250
548,14
549,89
550,28
551,223
552,2527
553,264
554,1925
555,1641
556,230
557,1201
558,66
559,45
560,1742
561,67
562,569
563,3
564,139
565,1647
566,15
567,386
568,29
569,61
570,42
571,7
572,8
573,56
574,45
575,128
576,129
577,1004
578,9
579,235
580,130
581,1998
582,100
583,66
584,39
585,62
586,40
587,42
588,48
589,453
590,9
591,64
592,280
593,302
594,5034
595,3787
596,1363
597,16
598,1855
599,54
600,214
601,307
602,50
603,116
604,144
605,2018
606,1077
607,24
608,29
609,4173
610,1575
611,30
612,1033
613,389
614,489
615,842
616,8
617,158
618,34
619,411
620,24
621,41
622,42
623,1345
624,3956
625,59
626,20
627,1
628,2
629,7293
630,2444
631,1107
632,4889
633,573
634,104
635,828
636,392
637,1
638,50598
639,13
640,4739
641,3890
642,63
643,63
644,74
645,18
646,219
647,53
648,42
649,4
650,813
651,49
652,77
653,1963
654,73
655,22
656,94
657,67
658,4
659,2835
660,1693
661,204
662,18
663,99
664,73
665,119
666,208
667,125
668,27
669,238
670,48
671,37
672,4676
673,17
674,14
675,61
676,46
677,2546
678,268
679,54
680,1260
681,80
682,16
683,20
684,34958
685,19
686,12
687,25
688,6
689,3129
690,819
691,19
692,10
693,736
694,175
695,21
696,108
697,41
698,17
699,340
700,42
701,60
702,1646
703,248
704,5335
705,2481
706,298
707,401
708,63
709,51
710,328
711,29
712,13
713,252
714,174
715,13
716,71
717,1199
718,17
719,543
720,5175
721,52
722,11
723,608
724,1328
725,167
726,159
727,608
728,10797
729,5931
730,35
731,38
732,489
733,260
734,33
735,56
736,141
737,40
738,17
739,30
740,14
741,1471
742,68
743,30
744,95
745,15
746,21
747,14
748,23
749,17
750,99
751,66
752,73
753,30
754,4833
755,5
756,2109
757,48
758,48
759,764
760,52
761,57
762,195
763,2602
764,43
765,581
766,1225
767,160
768,223
769,1921
770,31
771,294
772,177
773,5
774,123
775,603
776,3681
777,1621
778,383
779,143
780,19423
781,43
782,14
783,995
784,69
785,21
786,12
787,129
788,1314
789,26
790,160
791,35
792,22
793,26
794,22
795,23
796,39
797,5744
798,734
799,138
800,1332
801,39
802,41
803,56
804,39
805,49
806,20
807,126
808,43
809,67
810,35
811,73
812,783
813,26
814,34
815,35
816,183
817,463
818,117
819,632
820,4
821,3
822,11
823,36
824,16
825,81
826,1625
827,1194
828,1956
829,41
830,27
831,86
832,17
833,177
834,89
835,15
836,30
837,14
838,15
839,173
840,615
841,174
842,78
843,502
844,1386
845,27
846,47
847,2397
848,82
849,27
850,177
851,27
852,515
853,6164
854,582
855,35
856,410
857,518
858,36
859,334
860,59
861,543
862,18
863,12
864,24
865,2
866,64
867,9
868,64
869,13
870,1297
871,767
872,16
873,27
874,2146
875,53
876,13
877,52
878,189
879,61
880,696
881,552
882,2983
883,118298
884,105
885,14
886,134
887,43
888,3395
889,132
890,15
891,22
892,39
893,119
894,570
895,1047
896,16
897,3466
898,12
899,56
900,34
901,26
902,54
903,68
904,56
905,1198
906,105
907,10
908,51
909,1722
910,12
911,26
912,31
913,50
914,47
915,12
916,46
917,43
918,124
919,96
920,73
921,38
922,30
923,43
924,50
925,37
926,28
927,33
928,52
929,78
930,828
931,41
932,9
933,1328
934,8
935,21
936,17
937,34452
938,2742
939,94
940,224
941,1255
942,19
943,125
944,1014
945,63
946,229
947,16
948,364
949,2144
950,58
951,227
952,1357
953,7
954,720
955,22
956,31
957,253
958,71
959,23
960,25
961,11
962,684
963,566
964,80
965,284
966,1516
967,102
968,134
969,20
970,481
971,58
972,288
973,25
974,1329
975,233
976,71
977,625
978,42
979,20
980,2224
981,14
982,8
983,543
984,14
985,19
986,4237
987,4
988,100
989,16
990,26
991,152
992,199
993,28
994,514
995,88
996,123
997,247
998,916
999,33
1000,143
1001,17
1002,4301
1003,1430
1004,77
1005,259
1006,263
1007,4
1008,597
1009,3
1010,19569
1011,181
1012,18
1013,24
1014,11
1015,285
1016,60
1017,26
1018,1368
1019,31
1020,40
1021,45
1022,1467
1023,80
1024,49
1025,22
1026,442
1027,15
1028,14
1029,23
1030,15
1031,21
1032,11
1033,35
1034,28
1035,16
1036,3368
1037,1415
1038,296
1039,177
1040,13
1041,11
1042,207
1043,660
1044,241
1045,49
1046,28
1047,790
1048,167
1049,45
1050,12
1051,245
1052,693
1053,284
1054,123
1055,11
1056,37
1057,164
1058,221
1059,76382
1060,55
1061,1886
1062,180
1063,61
1064,4377
1065,84789
1066,1570
1067,35
1068,14
1069,19
1070,41
1071,1249
1072,29
1073,458
1074,112
1075,256
1076,287
1077,36
1078,76
1079,33
1080,427
1081,927
1082,1616
1083,1084
1084,1821
1085,173
1086,565
1087,28
1088,35
1089,41
1090,39
1091,21
1092,51
1093,22
1094,22
1095,1679
1096,66
1097,40414
1098,5978
1099,57
1100,20
1101,24
1102,32
1103,35
1104,354
1105,23
1106,27
1107,10
1108,2570
1109,211
1110,127
1111,111
1112,9
1113,680
1114,31
1115,182
1116,14
1117,152
1118,273
1119,45
1120,1537
1121,1774
1122,19
1123,849
1124,879
1125,4372
1126,435
1127,47
1128,99
1129,3
1130,1516
1131,939
1132,12
1133,43
1134,573
1135,285
1136,131
1137,219
1138,97
1139,2
1140,1646
1141,52
1142,1767
1143,2
1144,4189
1145,62
1146,9430
1147,14
1148,77
1149,675
1150,79
1151,598
1152,10
1153,58
1154,6
1155,40
1156,29
1157,42
1158,91
1159,137
1160,1246
1161,24
1162,1000
1163,100
1164,47
1165,699
1166,16
1167,15
1168,73
1169,342
1170,92
1171,14
1172,156
1173,1109
1174,83771
1175,762
1176,29
1177,66
1178,20
1179,769
1180,17
1181,19
1182,2388
1183,41
1184,107
1185,24
1186,40
1187,4
1188,1337
1189,28
1190,34
1191,39
1192,36
1193,3097
1194,51
1195,124
1196,20
1197,38
1198,1720
1199,1181
1200,16
1201,2016
1202,35
1203,56
1204,58
1205,6
1206,377
1207,15
1208,1207
1209,53
1210,58
1211,1025
1212,6
1213,151
1214,89
1215,15
1216,32
1217,46
1218,21
1219,99
1220,48
1221,25
1222,1177
1223,147
1224,211
1225,15
1226,3166
1227,145
1228,32
1229,15
1230,599
1231,23
1232,30
1233,65
1234,721
1235,1570
1236,11
1237,4
1238,17
1239,772
1240,130
1241,56
1242,37
1243,25
1244,30
1245,266
1246,15
1247,26
1248,13542
1249,27
1250,2
1251,18
1252,818
1253,8
1254,18
1255,29
1256,14
1257,20
1258,15
1259,1846
1260,88
1261,405
1262,5
1263,349
1264,87257
1265,15
1266,213
1267,59
1268,36
1269,14
1270,32
1271,11956
1272,32
1273,59
1274,39
1275,2554
1276,479
1277,200
1278,116
1279,123
1280,2449
1281,63
1282,15
1283,23
1284,53
1285,134
1286,251
1287,29
1288,697
1289,26
1290,250
1291,2525
1292,36
1293,80
1294,28
1295,25
1296,821
1297,2584
1298,39
1299,21
1300,83
1301,30
1302,1404
1303,42
1304,338
1305,20
1306,191
1307,327
1308,789
1309,92
1310,741
1311,63
1312,16
1313,561
1314,939
1315,204
1316,15
1317,101
1318,91
1319,24
1320,35
1321,70
1322,18675
1323,684
1324,15
1325,2019
1326,123
1327,539
1328,189
1329,15
1330,17
1331,4
1332,1539
1333,40
1334,274
1335,61
1336,21
1337,40
1338,35
1339,817
1340,14
1341,6
1342,256
1343,69
1344,239
1345,27
1346,17
1347,1658
1348,39
1349,46
1350,12
1351,837
1352,68
1353,27
1354,404
1355,470
1356,196
1357,16
1358,14
1359,6
1360,10
1361,22
1362,85
1363,18
1364,1
1365,49
1366,395
1367,36
1368,3628
1369,205
1370,45
1371,45
1372,64
1373,292
1374,30
1375,204
1376,78
1377,117
1378,148
1379,3914
1380,261
1381,16
1382,27
1383,667
1384,153
1385,116
1386,4
1387,121
1388,2177
1389,17
1390,19
1391,18
1392,16
1393,1935
1394,21
1395,1
1396,16
1397,51
1398,1184
1399,71
1400,59
1401,1864
1402,31
1403,31
1404,342
1405,19205
1406,58
1407,57
1408,63
1409,1677
1410,24
1411,26
1412,2
1413,480
1414,18
1415,34
1416,4876
1417,14
1418,2
1419,42
1420,931
1421,5
1422,57
1423,4
1424,41
1425,3919
1426,2159
1427,1683
1428,974
1429,69
1430,1107
1431,617
1432,241
1433,255
1434,5162
1435,47
1436,9448
1437,2596
1438,3419
1439,1008
1440,1276
1441,229534
1442,236
1443,41
1444,32
1445,194
1446,3508
1447,1118
1448,1676
1449,1779
1450,404
1451,686
1452,2010
1453,2832
1454,1134
1455,981
1456,4357
1457,530
1458,786
1459,1195
1460,199
1461,1714
1462,1570
1463,1781
1464,1181
1465,384
1466,153
1467,2444
1468,907
1469,3
1470,2382
1471,3112
1472,567
1473,310
1474,42
1475,30266
1476,2091
1477,835
1478,2898
1479,4
1480,1984
1481,10490
1482,211
1483,24
1484,557
1485,1884
1486,1487
1487,8394
1488,239
1489,671
1490,206
1491,5040
1492,108
1493,2194
1494,1416
1495,1197
1496,4403
1497,228
1498,5373
1499,495
1500,799
1501,3067
1502,4120
1503,1
1504,70
1505,29493
1506,222
1507,144
1508,1228
1509,160
1510,232
1511,1056
1512,10670
1513,2690
1514,693
1515,865
1516,685
1517,3780
1518,2570
1519,860
1520,7
1521,670
1522,1322
1523,1829
1524,3630
1525,1594
1526,204
1527,6102
1528,1200
1529,9535
1530,1913
1531,2265
1532,1130
1533,2518
1534,158398
1535,31
1536,443278
1537,1008
1538,1542
1539,1051
1540,813
1541,695
1542,2181
1543,1424
1544,1411
1545,1875
1546,548
1547,170
1548,2345
1549,845
1550,860
1551,617
1552,416
1553,1159
1554,137
1555,2243
1556,29183
1557,1554
1558,8268
1559,430
1560,1099
1561,1391
1562,775
1563,1085
1564,2993
1565,2377
1566,1691
1567,869
1568,67
1569,1626
1570,19134
1571,19058
1572,18998
1573,10369
1574,18780
1575,11095
1576,18767
1577,17786
1578,18076
1579,18949
1580,12457
1581,9724
1582,18624
1583,17699
1584,18925
1585,19205
1586,18766
1587,14336
1588,18957
1589,18567
1590,19261
1591,1406
1592,184
1593,4250
1594,234
1595,5228
1596,15727
1597,452
1598,1018
1599,5484
1600,1620
1601,1818
1602,1863
1603,86687
1604,1597
1605,395
1606,1023
1607,4960
1608,3143
1609,2588
1610,603
1611,116
1612,1702
1613,102
1614,4136
1615,3773
1616,186
1617,1988
1618,1136
1619,354
1620,307
1621,640
1622,497
1623,2293
1624,1954
1625,56
1626,2639
1627,3249
1628,829
1629,880
1630,324
1631,143
1632,139
1633,737
1634,927
1635,3694
1636,805
1637,3862
1638,7422
1639,56
1640,6077
1641,899
1642,1444
1643,6840
1644,2057
1645,2526
1646,80800
1647,5323
1648,1384
1649,1231
1650,137
1651,533
1652,2111
1653,1289
1654,976
1655,697
1656,2972
1657,4886
1658,1983
1659,1560
1660,2310
1661,257
1662,93
1663,57
1664,56
1665,1299
1666,169
1667,263
1668,1880
1669,1451
1670,1397
1671,486
1672,4127
1673,3993
1674,1707
1675,1066
1676,602
1677,2565
1678,196
1679,520
1680,1644
1681,1435
1682,2051
1683,296
1684,191
1685,940
1686,213
1687,62
1688,45
1689,1932
1690,2922
1691,135
1692,124
1693,52
1694,57
1695,29
1696,25
1697,74
1698,70
1699,84
1700,37
1701,1661
1702,5
1703,57
1704,2381
1705,53
1706,6110
1707,2238
1708,1238
1709,226544
1710,12
1711,11298
1712,59
1713,1564
1714,2559
1715,8679
1716,1219
1717,2099
1718,82
1719,120
1720,872
1721,910
1722,4368
1723,4432
1724,4014
1725,41
1726,970
1727,3130
1728,138
1729,2734
1730,371
1731,5588
1732,14025
1733,403
1734,91
1735,191
1736,1211
1737,3422
1738,1718
1739,1628
1740,13560
1741,1446
1742,515
1743,407
1744,1416
1745,4319
1746,6366
1747,593
1748,113
1749,4
1750,9774
1751,833
1752,25243
1753,305
1754,576
1755,16
1756,2727
1757,57
1758,337
1759,1416
1760,3257
1761,1122
1762,248
1763,1542
1764,1241
1765,2258
1766,239
1767,391
1768,146
1769,71
1770,1094
1771,139
1772,1682
1773,20
1774,389
1775,1630
1776,1977
1777,1826
1778,195
1779,525
1780,179967
1781,172
1782,61
1783,7585
1784,5
1785,15
1786,24
1787,1876
1788,1362
1789,613
1790,84
1791,312
1792,116
1793,254
1794,2969
1795,1453
1796,114
1797,78
1798,15168
1799,790
1800,4
1801,404
1802,4337
1803,340
1804,2805
1805,3825
1806,105
1807,16229
1808,165
1809,1329
1810,2354
1811,4654
1812,2105
1813,209
1814,272
1815,37707
1816,12
1817,455
1818,11170
1819,290
1820,1923
1821,932
1822,9166
1823,1170
1824,23561
1825,376
1826,438
1827,3365
1828,152
1829,978
1830,3474
1831,2115
1832,2373
1833,371
1834,3387
1835,1745
1836,174
1837,727
1838,1743
1839,3868
1840,111
1841,911
1842,127
1843,867
1844,2065
1845,749
1846,202
1847,3658
1848,30
1849,8
1850,147
1851,4057
1852,410
1853,4739
1854,6291
1855,6062
1856,169
1857,1615
1858,384
1859,43
1860,497
1861,728
1862,68607
1863,5189
1864,2026
1865,280
1866,71
1867,76
1868,3096
1869,13
1870,466
1871,300
1872,2
1873,174
1874,3555
1875,1012
1876,549
1877,350
1878,413
1879,56
1880,496
1881,5223
1882,584
1883,947
1884,1585
1885,255
1886,458
1887,611
1888,2197
1889,112
1890,1708
1891,2047
1892,275
1893,169
1894,168
1895,360
1896,2120
1897,224
1898,109
1899,106
1900,1779
1901,2855
1902,235
1903,174
1904,54
1905,223
1906,2087
1907,1830
1908,208
1909,3300
1910,876
1911,2107
1912,2800
1913,2628
1914,74
1915,1339
1916,53
1917,122
1918,116
1919,58
1920,130
1921,61
1922,120
1923,116
1924,125
1925,116
1926,52
1927,915
1928,6766
1929,124
1930,396
1931,8381
1932,290
1933,8
1934,713
1935,405
1936,138
1937,122
1938,379
1939,17995
1940,147
1941,122
1942,2061
1943,1777
1944,42
1945,4328
1946,103
1947,30
1948,837
1949,7
1950,7
1951,37
1952,20
1953,24
1954,18
1955,255
1956,54
1957,23
1958,26
1959,76
1960,99
1961,16
1962,26
1963,2170
1964,309
1965,809
1966,2201
1967,10937
1968,1568
1969,369
1970,290
1971,4016
1972,2808
1973,938
1974,3616
1975,290
1976,35413
1977,489
1978,747
1979,290
1980,391
1981,2475
1982,102
1983,1428
1984,290
1985,40
1986,5095
1987,3262
1988,3609
1989,10151
1990,290
1991,29447
1992,1739
1993,5422
1994,94382
1995,1902
1996,948
1997,425
1998,15254
1999,502
2000,607
2001,1507
2002,224
2003,2417
2004,236
2005,1248
2006,3350
2007,2527
2008,105
2009,173
2010,2154
2011,172
2012,4047
2013,2087
2014,78
2015,124
2016,92
2017,1445
2018,5113
2019,973
2020,54
2021,1634
2022,67
2023,1127
2024,996702
2025,266
2026,2
2027,182
2028,338
2029,13641
2030,734
2031,809
2032,32
2033,191
2034,129
2035,217
2036,228
2037,216
2038,86
2039,183
2040,199
2041,195
2042,56
2043,54
2044,229
2045,4
2046,145
2047,274
2048,216
2049,232
2050,11398
2051,3909
2052,336
2053,10797
2054,428
2055,171
2056,34
2057,293
2058,28
2059,3643
2060,116
2061,841
2062,11
2063,601
2064,72
2065,92
2066,6011
2067,77
2068,126
2069,3100
2070,747
2071,1734
2072,81
2073,175
2074,1510
2075,94
2076,10857
2077,118
2078,216
2079,4363
2080,2069
2081,177
2082,2240
2083,55
2084,1959
2085,2229
2086,3314
2087,321
2088,2934
2089,1931
2090,376
2091,56
2092,287
2093,1743
2094,3163
2095,940
2096,1643
2097,62701
2098,175
2099,139
2100,100
2101,512
2102,3082
2103,522
2104,2805
2105,132
2106,2918
2107,375042
2108,452
2109,747
2110,291
2111,1257
2112,964
2113,3928
2114,262
2115,862
2116,1265
2117,104
2118,780
2119,2002
2120,2778
2121,279
2122,462
2123,2295
2124,995
2125,2667
2126,2819
2127,4570
2128,1263
2129,110
2130,1500
2131,196
2132,831
2133,757
2134,3690
2135,3927
2136,1321
2137,388
2138,4613
2139,40383
2140,2387
2141,3484
2142,5
2143,676
2144,15885
2145,354
2146,2084
2147,3732
2148,90
2149,1074
2150,842
2151,215
2152,3324
2153,434
2154,1579
2155,3608
2156,1380
2157,2053
2158,176
2159,1335
2160,32
2161,885
2162,6250
2163,14738
2164,377
2165,50459
2166,2035
2167,1411
2168,3099
2169,194
2170,863
2171,9956
2172,6434
2173,15241
2174,1756
2175,226
2176,1997
2177,396
2178,2428
2179,49
2180,1536
2181,1625
2182,265
2183,2446
2184,716
2185,903
2186,831
2187,80786
2188,1497
2189,826
2190,1183
2191,563
2192,13546
2193,45
2194,570
2195,700
2196,1833
2197,7548
2198,796
2199,1697
2200,2476
2201,653
2202,1816
2203,132
2204,1690
2205,1029
2206,1451
2207,10319
2208,167
2209,88780
2210,976
2211,162
2212,308
2213,3871
2214,6758
2215,343
2216,113
2217,4027
2218,7270
2219,3237
2220,1062
2221,497
2222,4485
2223,235
2224,1990
2225,94
2226,658
2227,2621
2228,101
2229,4411
2230,101
2231,240
2232,171
2233,2198
2234,1162
2235,1798
2236,675
2237,1156
2238,2178
2239,17815
2240,1103
2241,869
2242,1909
2243,12729
2244,16220
2245,341
2246,1001
2247,1119
2248,3881
2249,100
2250,2458
2251,12482
2252,394
2253,433
2254,30778
2255,3522
2256,2200
2257,2330
2258,2068
2259,2896
2260,122
2261,4387
2262,16772
2263,509
2264,190
2265,324
2266,2942
2267,75
2268,2571
2269,297
2270,2308
2271,1926
2272,30
2273,429
2274,1661
2275,189
2276,60
2277,157
2278,4971
2279,612
2280,870
2281,15053
2282,31232
2283,543
2284,2623
2285,1608
2286,295
2287,212
2288,154
2289,1130
2290,230
2291,829
2292,621
2293,2928
2294,1725
2295,31248
2296,591
2297,1181
2298,511
2299,10308
2300,349
2301,22439
2302,3846
2303,1203
2304,16503
2305,495
2306,306
2307,238
2308,7368
2309,3579
2310,2430
2311,4850
2312,3567
2313,1769
2314,2481
2315,10290
2316,403
2317,1453
2318,6332
2319,1619
2320,2684
2321,330
2322,127
2323,2375
2324,2446
2325,390
2326,866
2327,1612
2328,4547
2329,1738
2330,4052
2331,1139
2332,383
2333,215
2334,1968
2335,346
2336,2892
2337,3508
2338,989
2339,2501
2340,2680
2341,1442
2342,790
2343,2979
2344,23
2345,61
2346,116
2347,3779
2348,16204
2349,2066
2350,20647
2351,438
2352,970
2353,3031
2354,77
2355,2150
2356,33672
2357,57
2358,11442
2359,2528
2360,601
2361,47
2362,170
2363,47
2364,3612
2365,4925
2366,1057
2367,1385
2368,3043
2369,1185
2370,1870
2371,119
2372,34267
2373,5176
2374,118
2375,2247
2376,352
2377,443
2378,1254
2379,2368
2380,3961
2381,2803
2382,12827
2383,360
2384,159
2385,3759
2386,1910
2387,571
2388,2080
2389,1551
2390,6924
2391,96
2392,2207
2393,829
2394,197
2395,45
2396,3169
2397,2945
2398,41
2399,1524
2400,2442
2401,1966
2402,25
2403,236
2404,3404
2405,158
2406,8
2407,87
2408,3422
2409,950
2410,4408
2411,339
2412,1347
2413,169
2414,2452
2415,309
2416,406
2417,5996
2418,2236
2419,803
2420,965
2421,839
2422,17369
2423,33170
2424,9494
2425,266
2426,1375
2427,2283
2428,3884
2429,877
2430,722
2431,1825
2432,447
2433,273
2434,2018
2435,1221
2436,1304
2437,32149
2438,1750
2439,853
2440,3639
2441,37292
2442,2950
2443,2496
2444,4645
2445,11270
2446,117
2447,228
2448,8310
2449,2549
2450,503
2451,2566
2452,1054
2453,661
2454,3015
2455,272
2456,2558
2457,227
2458,7257
2459,335
2460,1423
2461,2184
2462,44
2463,4510
2464,1220
2465,341
2466,1313
2467,1995
2468,5366
2469,918
2470,1263
2471,2992
2472,1678
2473,1678
2474,6285
2475,4210
2476,7497
2477,2072
2478,4302
2479,208
2480,217
2481,1352
2482,1045
2483,863
2484,1567
2485,2388
2486,1753
2487,4762
2488,37
2489,368
2490,4935
2491,13763
2492,1501
2493,2897
2494,112
2495,10229
2496,146
2497,63
2498,492
2499,3590
2500,21091
2501,2311
2502,10785
2503,707
2504,259
2505,2644
2506,2883
2507,2407
2508,808
2509,502
2510,1350
2511,71881
2512,20130
2513,763
2514,30
2515,678
2516,2067
2517,2669
2518,1142
2519,108
2520,1492
2521,2789
2522,363
2523,35144
2524,5138
2525,1980
2526,121
2527,5424
2528,2560
2529,3765
2530,2083
2531,30638
2532,4001
2533,1036
2534,36507
2535,2570
2536,724
2537,3187
2538,1178
2539,73
2540,1860
2541,936
2542,2814
2543,415
2544,2852
2545,6180
2546,163
2547,11911
2548,808
2549,7792
2550,2066
2551,1233
2552,1537
2553,1114
2554,1307
2555,2697
2556,2938
2557,65721
2558,168
2559,107
2560,71
2561,39
2562,29
2563,2077
2564,4546
2565,1340
2566,1675
2567,189
2568,24
2569,1180
2570,2878
2571,10196
2572,2481
2573,1852
2574,422
2575,4165
2576,729
2577,33519
2578,2510
2579,14334
2580,2114
2581,9608
2582,1387
2583,892
2584,692
2585,2249
2586,3363
2587,724
2588,169
2589,4631
2590,56482
2591,1646
2592,1351
2593,38
2594,32
2595,2163
2596,10414
2597,1887
2598,915
2599,594
2600,1850
2601,4102
2602,152
2603,1366
2604,1295
2605,887
2606,1850
2607,153
2608,147
2609,1301
2610,2379
2611,860
2612,77
2613,1305
2614,5233
2615,977
2616,315
2617,2153
2618,5425
2619,3293
2620,4771
2621,74
2622,424
2623,464
2624,637
2625,1782
2626,8559
2627,2092
2628,3017
2629,1492
2630,987
2631,985
2632,1242
2633,585
2634,441
2635,2871
2636,775
2637,2688
2638,874
2639,64
2640,1148
2641,2030
2642,122
2643,120
2644,3294
2645,119
2646,30364
2647,1592
2648,678
2649,113
2650,2355
2651,1103
2652,73479
2653,4480
2654,1249
2655,432
2656,1779
2657,2087
2658,2990
2659,252
2660,3393
2661,1603
2662,555
2663,12176
2664,1534
2665,15590
2666,1322
2667,1894
2668,1246
2669,5801
2670,782
2671,264
2672,165
2673,2646
2674,9256
2675,573
2676,575
2677,158
2678,819
2679,2118
2680,443
2681,2463
2682,3189
2683,4953
2684,220
2685,1938
2686,8504
2687,1416
2688,125
2689,2150
2690,1037
2691,873
2692,34126
2693,2606
2694,1176
2695,36
2696,22
2697,396
2698,951
2699,2646
2700,310
2701,2703
2702,7220
2703,1365
2704,1188
2705,24918
2706,1009
2707,2061
2708,2820
2709,2017
2710,4272
2711,1903
2712,1432
2713,2018
2714,2724
2715,5083
2716,1507
2717,1878
2718,279
2719,822
2720,131
2721,2199
2722,3515
2723,608
2724,40735
2725,2986
2726,43
2727,1170
2728,183
2729,114
2730,1231
2731,2052
2732,7706
2733,1021
2734,134
2735,132393
2736,2746
2737,1320
2738,984
2739,524
2740,7707
2741,75
2742,1692
2743,4135
2744,3903
2745,3013
2746,1166
2747,2268
2748,2388
2749,1777
2750,3083
2751,3591
2752,11
2753,2527
2754,61
2755,1495
2756,557
2757,162
2758,555
2759,698
2760,2705
2761,1642
2762,834
2763,499
2764,73
2765,994
2766,22875
2767,1372
2768,2895
2769,2383
2770,36262
2771,379
2772,766
2773,1179
2774,1336
2775,1231
2776,58
2777,195
2778,26309
2779,17925
2780,3501
2781,2089
2782,1810
2783,1054
2784,178
2785,622
2786,53
2787,1891
2788,472
2789,69
2790,361
2791,1200
2792,812
2793,1280
2794,1675
2795,114
2796,2164
2797,7185
2798,78
2799,1747
2800,1658
2801,678
2802,1261
2803,568
2804,1801
2805,5619
2806,3759
2807,4863
2808,1410
2809,33318
2810,221
2811,1521
2812,3399
2813,2320
2814,2271
2815,426
2816,1728
2817,619
2818,1326
2819,2412
2820,33525
2821,2751
2822,4333
2823,70
2824,2766
2825,1490
2826,666
2827,2089
2828,6021
2829,5211
2830,8893
2831,595
2832,1260
2833,31143
2834,233
2835,13876
2836,168
2837,1557
2838,256
2839,4608
2840,33
2841,812
2842,4542
2843,1848
2844,4395
2845,140
2846,29
2847,31586
2848,706
2849,5084
2850,1944
2851,1176
2852,1629
2853,19556
2854,2397
2855,784
2856,648
2857,203
2858,2614
2859,1706
2860,4251
2861,12084
2862,1195
2863,855
2864,2003
2865,3121
2866,189
2867,144
2868,3343
2869,1053
2870,1155
2871,2020
2872,913
2873,1406
2874,1570
2875,2351
2876,695
2877,7
2878,3893
2879,2106
2880,1002
2881,2182
2882,3714
2883,2418
2884,16
2885,3177
2886,2803
2887,3030
2888,235
2889,31
2890,7
2891,1989
2892,171
2893,3656
2894,2254
2895,2358
2896,1784
2897,324
2898,439
2899,4755
2900,2791
2901,2636
2902,1732
2903,47
2904,178
2905,2684
2906,1860
2907,395
2908,965
2909,2271
2910,3988
2911,3578
2912,3637
2913,8941
2914,3648
2915,2160
2916,133
2917,1132
2918,1388
2919,2880
2920,1125
2921,668
2922,1290
2923,1921
2924,39
2925,1632
2926,1395
2927,1733
2928,216
2929,5970
2930,1262
2931,1007
2932,12942
2933,3193
2934,1713
2935,7180
2936,479
2937,1999
2938,1593
2939,34420
2940,2898
2941,355
2942,2092
2943,4793
2944,4131
2945,1049
2946,4577
2947,353
2948,2883
2949,18031
2950,1954
2951,985
2952,975
2953,1472
2954,3537
2955,38
2956,46
2957,1141
2958,120
2959,86
2960,2710
2961,4510
2962,461
2963,75
2964,466
2965,2645
2966,916
2967,17333
2968,362
2969,6279
2970,2973
2971,1095
2972,898
2973,923
2974,2318
2975,102
2976,2910
2977,1629
2978,94
2979,1671
2980,3334
2981,1630
2982,54
2983,2835
2984,138
2985,2232
2986,3109
2987,791
2988,1610
2989,1611
2990,10112
2991,96
2992,698
2993,2616
2994,297
2995,3717
2996,211
2997,47
2998,1885
2999,2430
3000,1830
3001,2370
3002,1781
3003,2305
3004,2278
3005,1489
3006,180
3007,1052
3008,6897
3009,1693
3010,101
3011,1839
3012,204
3013,1924
3014,737
3015,2385
3016,474
3017,1620
3018,11948
3019,1007
3020,2467
3021,457
3022,94
3023,102
3024,155
3025,3310
3026,994
3027,2893
3028,2228
3029,937
3030,2415
3031,586
3032,302
3033,396
3034,122
3035,170
3036,1633
3037,1997
3038,523
3039,320
3040,99
3041,2993
3042,495
3043,77
3044,1557
3045,1946
3046,2321
3047,3351
3048,2691
3049,1253
3050,878
3051,3643
3052,2833
3053,286
3054,3506
3055,3832
3056,1867
3057,151
3058,3750
3059,1340
3060,79
3061,1558
3062,1182
3063,2807
3064,2739
3065,366
3066,2147
3067,926
3068,9791
3069,876
3070,182
3071,4769
3072,435
3073,575
3074,84
3075,3366
3076,1069
3077,895
3078,1478
3079,1269
3080,941
3081,3154
3082,2111
3083,644
3084,9882
3085,3670
3086,4181
3087,533
3088,1939
3089,342
3090,1431
3091,2027
3092,14011
3093,2905
3094,362
3095,2263
3096,928
3097,2807
3098,19296
3099,1678
3100,1353
3101,1610
3102,20960
3103,1347
3104,26
3105,2042
3106,6382
3107,5168
3108,3448
3109,2593
3110,32
3111,1380
3112,389
3113,782
3114,2740
3115,1707
3116,902
3117,33405
3118,3460
3119,2556
3120,530
3121,1841
3122,1518
3123,2053
3124,60
3125,5612
3126,1121
3127,33375
3128,15290
3129,625
3130,1445
3131,9045
3132,697
3133,34
3134,2500
3135,2113
3136,3895
3137,28
3138,1943
3139,1549
3140,63699
3141,38499
3142,45
3143,37082
3144,676
3145,740
3146,1136
3147,6422
3148,2631
3149,822
3150,220
3151,393
3152,207
3153,1648
3154,34022
3155,462
3156,3890
3157,19
3158,1625
3159,3689
3160,3176
3161,11032
3162,490
3163,368
3164,2123
3165,8561
3166,48
3167,4424
3168,2516
3169,1441
3170,59
3171,1506
3172,4531
3173,479
3174,36173
3175,5669
3176,77
3177,530
3178,1151
3179,638
3180,380
3181,44
3182,1032
3183,2274
3184,1149
3185,10506
3186,262
3187,797
3188,2387
3189,364
3190,2284
3191,1736
3192,106
3193,687
3194,18096
3195,2911
3196,520
3197,257
3198,14156
3199,3559
3200,5264
3201,452
3202,616
3203,1848
3204,627
3205,1138
3206,559
3207,963
3208,2897
3209,1289
3210,327
3211,712
3212,5070
3213,734
3214,28363
3215,1284
3216,401
3217,1610
3218,1891
3219,2081
3220,6208
3221,2339
3222,2223
3223,5103
3224,4727
3225,921
3226,424
3227,876
3228,3165
3229,1720
3230,1182
3231,430
3232,50
3233,3312
3234,2627
3235,2338
3236,26
3237,75936
3238,1439
3239,251
3240,1943
3241,1314
3242,599
3243,625
3244,8235
3245,2928
3246,2249
3247,962
3248,5876
3249,3533
3250,12025
3251,10435
3252,930
3253,5294
3254,4534
3255,121
3256,497
3257,15
3258,2375
3259,315
3260,150
3261,3959
3262,115
3263,273
3264,4169
3265,884
3266,3425
3267,9808
3268,43709
3269,1051
3270,1649
3271,20
3272,45
3273,3758
3274,115
3275,3247
3276,2316
3277,3178
3278,30101
3279,3114
3280,1230
3281,565
3282,1094
3283,15688
3284,131
3285,98077
3286,1540
3287,1973
3288,38336
3289,1613
3290,3992
3291,17729
3292,1893
3293,1540
3294,101
3295,2303
3296,43
3297,6107
3298,1225
3299,28976
3300,5042
3301,1129
3302,5294
3303,1998
3304,630
3305,985
3306,731
3307,1892
3308,1467
3309,509
3310,2555
3311,13537
3312,119
3313,2092
3314,1914
3315,1574
3316,1346
3317,1934
3318,6164
3319,1852
3320,1867
3321,12149
3322,4604
3323,1267
3324,2449
3325,214
3326,913
3327,195
3328,1121
3329,2804
3330,832
3331,2499
3332,2213
3333,694
3334,742
3335,356
3336,4310
3337,659
3338,742
3339,380
3340,1803
3341,612
3342,1176
3343,835
3344,702
3345,1958
3346,1446
3347,198
3348,405
3349,365
3350,1248
3351,1003
3352,1009
3353,169
3354,2085
3355,37226
3356,2797
3357,637
3358,614
3359,1267
3360,185
3361,1212
3362,125
3363,738
3364,2474
3365,501
3366,2750
3367,159
3368,1802
3369,3833
3370,2505
3371,249
3372,1316
3373,1748
3374,2396
3375,1534
3376,3323
3377,5293
3378,3645
3379,345
3380,1226
3381,427
3382,14533
3383,739
3384,4580
3385,359
3386,15044
3387,1292
3388,15043
3389,776
3390,119
3391,1433
3392,8
3393,1331
3394,1570
3395,3675
3396,541
3397,3591
3398,741
3399,1490
3400,79
3401,920
3402,1547
3403,4587
3404,306
3405,2711
3406,3604
3407,316
3408,1676
3409,615
3410,2236
3411,1054
3412,1957
3413,871
3414,1555
3415,1935
3416,3170
3417,879
3418,2802
3419,944
3420,1038
3421,2133
3422,1771
3423,1225
3424,6421
3425,302
3426,1195
3427,27809
3428,1763
3429,2699
3430,5290
3431,82
3432,2265
3433,44
3434,2427
3435,636
3436,803
3437,751
3438,3785
3439,58
3440,258
3441,299
3442,237
3443,8322
3444,2310
3445,662
3446,24
3447,562502
3448,226
3449,2796
3450,1424
3451,283
3452,101
3453,772
3454,2000
3455,150
3456,4941
3457,216
3458,36175
3459,508
3460,145
3461,345
3462,39
3463,2212
3464,204
3465,371
3466,1704
3467,176
3468,1766
3469,713
3470,3468
3471,135
3472,3408
3473,3351
3474,15
3475,118
3476,754
3477,3534
3478,1586
3479,704
3480,1580
3481,1154
3482,3388
3483,1942
3484,366
3485,3080
3486,5501
3487,6077
3488,1333
3489,2776
3490,264
3491,394
3492,279
3493,1664
3494,4145
3495,53
3496,773
3497,139
3498,1082
3499,1942
3500,1335
3501,3402
3502,1719
3503,473
3504,1729
3505,94
3506,22246
3507,1101
3508,16
3509,6241
3510,2882
3511,1889
3512,2206
3513,1227
3514,8
3515,2319
3516,49
3517,270
3518,299
3519,1328
3520,2100
3521,1157
3522,1985
3523,34
3524,1375
3525,1896
3526,2771
3527,7165
3528,1873
3529,919
3530,160
3531,216
3532,1511
3533,2143
3534,2245
3535,23
3536,1179
3537,5404
3538,4177
3539,7034
3540,153897
3541,3885
3542,966
3543,10029
3544,1791
3545,16443
3546,116535
3547,1637
3548,490
3549,2186
3550,2499
3551,4537
3552,4989
3553,269
3554,1394
3555,423
3556,1520
3557,1433
3558,648
3559,557
3560,323
3561,3120
3562,1543
3563,2811
3564,3105
3565,540
3566,251
3567,1262
3568,258
3569,830
3570,1141
3571,2693
3572,159
3573,1228
3574,5656
3575,2294
3576,1532
3577,1894
3578,1160
3579,185
3580,1126
3581,447
3582,221
3583,1920
3584,5763
3585,1376
3586,206
3587,45
3588,3292
3589,5209
3590,360
3591,95
3592,2768
3593,13208
3594,326
3595,24777
3596,127
3597,562
3598,71
3599,5413
3600,892
3601,903
3602,4962
3603,1304
3604,2277
3605,1499
3606,30310
3607,1091
3608,2017
3609,130
3610,83
3611,811
3612,322
3613,560
3614,2042
3615,1230
3616,1577
3617,34280
3618,1368
3619,3858
3620,4528
3621,1090
3622,1563
3623,460
3624,2245
3625,1879
3626,998
3627,5338
3628,40008
3629,771
3630,1017
3631,231
3632,600
3633,1201
3634,198
3635,5194
3636,2611
3637,1208
3638,1629
3639,16466
3640,609
3641,643
3642,1251
3643,4001
3644,2800
3645,387
3646,144
3647,1725
3648,2761
3649,1036
3650,1912
3651,753
3652,1257
3653,3564
3654,3936
3655,4524
3656,29
3657,3853
3658,388
3659,37
3660,20816
3661,3082
3662,340
3663,699
3664,3007
3665,32024
3666,3306
3667,431
3668,2095
3669,1540
3670,1675
3671,20047
3672,1819
3673,2446
3674,224
3675,8842
3676,3255
3677,731
3678,970
3679,76
3680,4565
3681,5667
3682,1554
3683,115969
3684,13
3685,1087
3686,553
3687,1449
3688,1901
3689,36
3690,2247
3691,8
3692,1775
3693,30120
3694,4023
3695,334
3696,4705
3697,165
3698,1574
3699,1410
3700,444
3701,1400
3702,3721
3703,9124
3704,4689
3705,34839
3706,2100
3707,559
3708,1624
3709,1160
3710,5265
3711,86
3712,1129
3713,72
3714,1272
3715,348
3716,33476
3717,303
3718,2589
3719,235
3720,4790
3721,654
3722,2206
3723,17
3724,997
3725,2111
3726,222
3727,7041
3728,17
3729,395
3730,1910
3731,2789
3732,1906
3733,4362
3734,150
3735,593
3736,3065
3737,1668
3738,1013
3739,756
3740,2915
3741,1631
3742,246
3743,3437
3744,139
3745,2359
3746,1504
3747,3434
3748,432
3749,3
3750,1053
3751,271
3752,2220
3753,1159
3754,3043
3755,305
3756,218
3757,1963
3758,85695
3759,4
3760,890
3761,198
3762,2319
3763,2243
3764,1478
3765,1799
3766,1452
3767,2244
3768,989
3769,3336
3770,1772
3771,413
3772,4071
3773,1409
3774,700
3775,96
3776,758
3777,121
3778,4500
3779,1297
3780,7281
3781,2958
3782,861
3783,1396
3784,3224
3785,3407
3786,2025
3787,1000
3788,6692
3789,2805
3790,3714
3791,61
3792,1
3793,61
3794,69
3795,96
3796,1298
3797,10449
3798,2094
3799,18192
3800,4816
3801,57
3802,3246
3803,2137
3804,5992
3805,2008
3806,854
3807,3956
3808,1888
3809,18433
3810,3709
3811,3003
3812,572
3813,1961
3814,196
3815,2074
3816,1268
3817,1067
3818,989
3819,1457
3820,1873
3821,785
3822,2166
3823,1797
3824,2185
3825,982
3826,1143
3827,51194
3828,3451
3829,5216
3830,9022
3831,37148
3832,2432
3833,13
3834,4183
3835,2046
3836,3073
3837,500
3838,2030
3839,3685
3840,195
3841,3888
3842,134
3843,2029
3844,178
3845,1426
3846,359
3847,2057
3848,2402
3849,373
3850,51876
3851,5762
3852,26595
3853,4873
3854,393
3855,32837
3856,1113
3857,2487
3858,2502
3859,308
3860,2000
3861,788
3862,31
3863,1386
3864,2619
3865,700
3866,2848
3867,4219
3868,29
3869,3146
3870,85
3871,468
3872,1647
3873,734
3874,22678
3875,10702
3876,302
3877,610
3878,2016
3879,9521
3880,1374
3881,3568
3882,1536
3883,1074
3884,4254
3885,2953
3886,1621
3887,19
3888,1004
3889,1016
3890,2132
3891,1875
3892,2453
3893,2303
3894,3504
3895,16447
3896,966
3897,892
3898,7952
3899,1878
3900,1788
3901,2601
3902,28503
3903,345
3904,3969
3905,2309
3906,109
3907,443
3908,1889
3909,1879
3910,1783
3911,340
3912,830
3913,8882
3914,9787
3915,83
3916,724
3917,2851
3918,166
3919,890
3920,130
3921,1121
3922,510
3923,81
3924,1661
3925,3928
3926,1124
3927,3358
3928,2288
3929,1505
3930,201
3931,420
3932,1848
3933,1146
3934,23303
3935,14
3936,5314
3937,622
3938,2825
3939,269
3940,2742
3941,9806
3942,2291
3943,4398
3944,1469
3945,5195
3946,27
3947,265
3948,1053
3949,4805
3950,7796
3951,495
3952,63
3953,344
3954,2346
3955,190
3956,1969
3957,552
3958,231
3959,4967
3960,1407
3961,481
3962,4831
3963,169
3964,9200
3965,2203
3966,2045
3967,2154
3968,1375
3969,854
3970,1782
3971,732
3972,542
3973,915
3974,5599
3975,1719
3976,2971
3977,3043
3978,378
3979,3955
3980,15530
3981,1644
3982,1350
3983,1115
3984,3511
3985,1313
3986,171
3987,1894
3988,2708
3989,3974
3990,508
3991,2981
3992,2779
3993,1555
3994,1877
3995,421
3996,5211
3997,1079
3998,2589
3999,372
4000,114
4001,2156
4002,3701
4003,444
4004,3234
4005,3825
4006,8
4007,1636
4008,1510
4009,2836
4010,1441
4011,2300
4012,1390
4013,4360
4014,1297
4015,722
4016,2151
4017,1357
4018,2865
4019,3426
4020,758
4021,519
4022,34210
4023,1260
4024,1206
4025,979
4026,220
4027,5327
4028,2072
4029,763
4030,2772
4031,1017
4032,76
4033,2652
4034,280
4035,576
4036,1759
4037,1865
4038,379
4039,71
4040,6866
4041,787
4042,1704
4043,150
4044,2872
4045,3165
4046,2298
4047,2644
4048,2575
4049,97
4050,701
4051,1511
4052,137
4053,3612
4054,1671
4055,45357
4056,2540
4057,2825
4058,291
4059,358
4060,1329
4061,1358
4062,2523
4063,42
4064,2182
4065,1949
4066,2851
4067,2311
4068,1327
4069,1774
4070,7050
4071,4784
4072,508014
4073,5356
4074,1733
4075,908
4076,902
4077,1577
4078,426
4079,14
4080,3326
4081,2889
4082,50
4083,56
4084,2810
4085,10488
4086,2930
4087,2383
4088,2890
4089,5732
4090,2283
4091,3273
4092,7460
4093,1559
4094,10929
4095,582
4096,2382
4097,438
4098,37
4099,188
4100,1183
4101,887
4102,1273
4103,1096
4104,2021
4105,892
4106,4388
4107,2209
4108,1016
4109,348
4110,2503
4111,18654
4112,19
4113,2142
4114,4866
4115,4015
4116,12
4117,3357
4118,1137
4119,46
4120,2496
4121,11620
4122,1797
4123,4600
4124,146
4125,7689
4126,1768
4127,360
4128,1542
4129,1632
4130,11020
4131,2836
4132,26217
4133,14750
4134,2431
4135,810
4136,4297
4137,1270
4138,102
4139,188
4140,1477
4141,11323
4142,37
4143,15131
4144,4244
4145,1888
4146,617
4147,62
4148,447
4149,1938
4150,3358
4151,2876
4152,385
4153,29575
4154,860
4155,16818
4156,1966
4157,45
4158,7558
4159,1148
4160,192
4161,989
4162,54
4163,149
4164,18990
4165,1797
4166,2710
4167,2180
4168,671
4169,4864
4170,749
4171,517
4172,5117
4173,1001
4174,1410
4175,32789
4176,96
4177,94
4178,18910
4179,3524
4180,1524
4181,488
4182,638
4183,3967
4184,311
4185,17877
4186,12073
4187,4928
4188,1117
4189,718
4190,123
4191,1756
4192,1522
4193,67
4194,1383
4195,2929
4196,142
4197,336
4198,891
4199,1856
4200,2582
4201,45
4202,1465
4203,664
4204,1385
4205,112657
4206,2090
4207,3454
4208,3941
4209,86
4210,604
4211,57
4212,2073
4213,8771
4214,2930
4215,64
4216,621
4217,1012
4218,118
4219,1394
4220,8324
4221,13618
4222,36
4223,49903
4224,1498
4225,4131
4226,1159
4227,5699
4228,111
4229,6
4230,111
4231,24
4232,2625
4233,759
4234,3444
4235,207
4236,21263
4237,363
4238,852
4239,40
4240,336
4241,1486
4242,3072
4243,4080
4244,709
4245,1981
4246,3860
4247,1199
4248,776
4249,1695
4250,251
4251,2712
4252,1004
4253,1556
4254,537
4255,116
4256,1285
4257,386
4258,1930
4259,2498
4260,1992
4261,1203
4262,2325
4263,7085
4264,1292
4265,2617
4266,6179
4267,3047
4268,78
4269,309
4270,403
4271,2727
4272,989
4273,1375
4274,3518
4275,153
4276,2481
4277,175
4278,740
4279,1756
4280,526
4281,271
4282,545
4283,90
4284,23542
4285,3854
4286,1886
4287,2217
4288,745
4289,2017
4290,1788
4291,7698
4292,1880
4293,105
4294,3286
4295,1692
4296,2419
4297,2847
4298,1695
4299,1567
4300,1302
4301,2597
4302,632
4303,1459
4304,2029
4305,456
4306,49364
4307,59
4308,169
4309,724
4310,2373
4311,1761
4312,269
4313,863
4314,29
4315,7
4316,3388
4317,2820
4318,742
4319,173
4320,25
4321,70
4322,4176
4323,3548
4324,46
4325,79
4326,51901
4327,2291
4328,834
4329,15170
4330,917
4331,1345
4332,2810
4333,2448
4334,17889
4335,3223
4336,2286
4337,33
4338,262
4339,2450
4340,356
4341,152
4342,1291
4343,1282
4344,4451
4345,2622
4346,597
4347,4654
4348,1859
4349,281
4350,229
4351,1858
4352,128
4353,2227
4354,351
4355,183
4356,1952
4357,21774
4358,895
4359,2050
4360,353
4361,1463
4362,915
4363,1082
4364,3946
4365,435
4366,4859
4367,3165
4368,11459
4369,2891
4370,1508
4371,1009
4372,41
4373,32865
4374,81350
4375,617
4376,315
4377,2277
4378,3367
4379,423
4380,3247
4381,4531
4382,1423
4383,1390
4384,746
4385,61
4386,356
4387,2166
4388,825
4389,537
4390,2805
4391,5869
4392,20748
4393,1853
4394,2390
4395,1633
4396,2495
4397,1255
4398,1987
4399,6
4400,1085
4401,790
4402,2972
4403,10
4404,42372
4405,1516
4406,1243
4407,6183
4408,2930
4409,813
4410,4846
4411,1312
4412,4802
4413,219
4414,1513
4415,1074
4416,339
4417,1244
4418,1383
4419,3904
4420,828
4421,663
4422,38107
4423,1252
4424,70956
4425,1400
4426,5785
4427,186
4428,9046
4429,1143
4430,511
4431,528
4432,21
4433,24
4434,1913
4435,7185
4436,108
4437,3137
4438,112
4439,3920
4440,4842
4441,2901
4442,31177
4443,1432
4444,586
4445,1462
4446,4409
4447,4787
4448,367
4449,421
4450,2944
4451,3002
4452,4631
4453,980
4454,5306
4455,292
4456,583
4457,1862
4458,3436
4459,42
4460,2208
4461,19
4462,918
4463,483
4464,487
4465,551
4466,1950
4467,153
4468,665
4469,2971
4470,1799
4471,38
4472,569
4473,523
4474,114
4475,4355
4476,2839
4477,594
4478,688
4479,2978
4480,507
4481,3066
4482,2
4483,1478
4484,90568
4485,1420
4486,1910
4487,8292
4488,733
4489,205
4490,1431
4491,1504
4492,2217
4493,112
4494,115
4495,1676
4496,5958
4497,711
4498,419
4499,24
4500,990
4501,63
4502,4810
4503,2988
4504,24
4505,3187
4506,2972
4507,805
4508,1378
4509,3340
4510,9012
4511,8353
4512,3664
4513,2019
4514,149
4515,3574
4516,233
4517,703
4518,1362
4519,2975
4520,811
4521,42
4522,872
4523,509
4524,1367
4525,1849
4526,226
4527,162
4528,1684
4529,85
4530,829
4531,1154
4532,1774
4533,15491
4534,4371
4535,847
4536,286
4537,2439
4538,1610
4539,23
4540,2757
4541,1740
4542,1058
4543,138
4544,3934
4545,49766
4546,1221
4547,6518
4548,146
4549,181
4550,335
4551,2982
4552,1125
4553,740
4554,9413
4555,17037
4556,994
4557,2563
4558,389
4559,5070
4560,2531
4561,1024
4562,1852
4563,1079
4564,5885
4565,1585
4566,5519
4567,314
4568,6186
4569,2065
4570,16809
4571,3181
4572,2938
4573,165
4574,11821
4575,131
4576,65
4577,20326
4578,452
4579,69
4580,3045
4581,71
4582,71
4583,1612
4584,5929
4585,2400
4586,126
4587,1344
4588,675
4589,1987
4590,210
4591,1747
4592,234
4593,10990
4594,1274
4595,27065
4596,201
4597,1185
4598,281
4599,1294
4600,2271
4601,3878
4602,11375
4603,436
4604,1708
4605,878
4606,1171
4607,3396
4608,3181
4609,1809
4610,249
4611,4431
4612,25
4613,1336
4614,3349
4615,2103
4616,23744
4617,1805
4618,16334
4619,2769
4620,1360
4621,755
4622,3843
4623,951
4624,462
4625,1560
4626,5217
4627,158
4628,2040
4629,720
4630,2434
4631,208
4632,2093
4633,851
4634,1032
4635,2382
4636,1521
4637,2941
4638,820
4639,7
4640,1818
4641,1221
4642,426
4643,2482
4644,1602
4645,1752
4646,80
4647,1361
4648,1593
4649,463
4650,1198
4651,1491
4652,1670
4653,239
4654,2464
4655,697
4656,2560
4657,3393
4658,647
4659,1789
4660,2650
4661,3022
4662,17339
4663,3857
4664,1709
4665,26169
4666,3328
4667,438
4668,1910
4669,872
4670,19470
4671,3606
4672,1153
4673,517
4674,4260
4675,63
4676,4859
4677,147
4678,274
4679,92
4680,960
4681,2712
4682,652
4683,346
4684,15535
4685,3188
4686,5347
4687,4858
4688,1828
4689,19987
4690,926
4691,122
4692,453
4693,1898
4694,3779
4695,2828
4696,1602
4697,3687
4698,121
4699,979
4700,141
4701,23
4702,5520
4703,4595
4704,160
4705,1421
4706,692
4707,237
4708,2036
4709,527
4710,57
4711,3844
4712,699
4713,6464
4714,287
4715,1271
4716,421
4717,353
4718,2105
4719,4596
4720,2221
4721,1429
4722,3560
4723,3092
4724,29299
4725,2825
4726,3229
4727,5296
4728,1044
4729,1933
4730,390
4731,96609
4732,1493
4733,21593
4734,29
4735,12
4736,10
4737,15
4738,23
4739,3959
4740,1325
4741,126
4742,1396
4743,3268
4744,2327
4745,2920
4746,992
4747,742
4748,11640
4749,1224
4750,1472
4751,104
4752,731
4753,825
4754,84
4755,4067
4756,43
4757,26
4758,1916
4759,8537
4760,2888
4761,373
4762,2414
4763,1670
4764,79
4765,2471
4766,1385
4767,883
4768,1650
4769,1519
4770,10704
4771,507
4772,1631
4773,2200
4774,1587
4775,422
4776,746
4777,366
4778,2489
4779,3562
4780,1972
4781,2222
4782,1093
4783,1993
4784,2692
4785,5712
4786,468
4787,17
4788,35
4789,11
4790,1586
4791,294
4792,1124
4793,1528
4794,2064
4795,1269
4796,2460
4797,448
4798,346
4799,3386
4800,245
4801,505
4802,2951
4803,1751
4804,218
4805,1892
4806,50
4807,1912
4808,986
4809,3588
4810,178
4811,1409
4812,7530
4813,359
4814,158
4815,4521
4816,15
4817,1052
4818,26545
4819,4834
4820,2109
4821,1680
4822,273
4823,1693
4824,182
4825,920
4826,2283
4827,340
4828,3181
4829,3228
4830,3212
4831,56
4832,502
4833,2239
4834,1444
4835,3237
4836,2058
4837,2918
4838,36285
4839,1561
4840,1436
4841,1452
4842,2534
4843,3178
4844,786
4845,1695
4846,1002
4847,1452
4848,7014
4849,145
4850,91
4851,1964
4852,1043
4853,1429
4854,1565
4855,5087
4856,1444
4857,2233
4858,2575
4859,1687
4860,33
4861,1337
4862,113
4863,3432
4864,262
4865,1147
4866,948
4867,201
4868,2235
4869,1597
4870,583
4871,1614
4872,100
4873,103
4874,1553
4875,686
4876,11145
4877,137
4878,116
4879,2223
4880,2280
4881,69
4882,1953
4883,1310
4884,11846
4885,3412
4886,22512
4887,2122
4888,38
4889,69
4890,1335
4891,2500
4892,752
4893,3184
4894,1817
4895,312
4896,3435
4897,5219
4898,18963
4899,3135
4900,600
4901,7301
4902,8353
4903,2397
4904,817
4905,3195
4906,1108
4907,1283
4908,569
4909,10
4910,2102
4911,1216
4912,2110
4913,35
4914,322
4915,3191
4916,59
4917,21
4918,8838
4919,1672
4920,713
4921,1831
4922,14283
4923,231
4924,2717
4925,2156
4926,3657
4927,206
4928,25
4929,11672
4930,2199
4931,593
4932,265
4933,2150
4934,4669
4935,744
4936,1615
4937,3386
4938,80943
4939,828
4940,3143
4941,2678
4942,102
4943,1049
4944,180
4945,839
4946,1449
4947,3222
4948,2819
4949,74
4950,1092
4951,2945
4952,1111
4953,3980
4954,4669
4955,1189
4956,2008
4957,2292
4958,14
4959,3578
4960,3231
4961,253
4962,93
4963,2235
4964,378
4965,70
4966,604
4967,1029
4968,1229
4969,1176
4970,118
4971,1339
4972,75
4973,118
4974,702
4975,1286
4976,346
4977,3523
4978,1583
4979,59
4980,24
4981,2150
4982,809
4983,1105
4984,1260
4985,1551
4986,3625
4987,1700
4988,1026
4989,674
4990,11573
4991,1617
4992,2985
4993,30509
4994,1342
4995,3555
4996,2590
4997,1267
4998,935
4999,732
5000,1926
5001,561
5002,4738
5003,324
5004,3240
5005,408
5006,457
5007,6119
5008,896
5009,2469
5010,2159
5011,1101
5012,646
5013,2960
5014,2946
5015,197
5016,2075
5017,150
5018,9763
5019,1309
5020,97
5021,1642
5022,3026
5023,4447
5024,1006
5025,2672
5026,841
5027,1622
5028,2553
5029,10522
5030,3480
5031,348
5032,2564
5033,485
5034,29
5035,544
5036,2663
5037,32
5038,694
5039,83072
5040,2532
5041,267
5042,581
5043,103
5044,216
5045,2280
5046,511
5047,1671
5048,845
5049,3244
5050,2690
5051,2125
5052,385
5053,859
5054,492
5055,6221
5056,8855
5057,1009
5058,512
5059,2216
5060,871
5061,422
5062,1783
5063,17443
5064,1324
5065,30903
5066,238
5067,24
5068,1621
5069,266
5070,4195
5071,2260
5072,1485
5073,2508
5074,333
5075,2985
5076,135
5077,74
5078,990
5079,214
5080,743
5081,432
5082,21482
5083,3035
5084,3449
5085,1987
5086,7336
5087,40074
5088,3272
5089,581
5090,1086
5091,717
5092,1399
5093,1023
5094,48
5095,458
5096,142
5097,46
5098,158
5099,224
5100,2714
5101,123
5102,17
5103,2561
5104,2636
5105,2608
5106,4205
5107,3947
5108,18839
5109,14967
5110,104
5111,1948
5112,2213
5113,2113
5114,4
5115,436
5116,42
5117,3365
5118,1878
5119,2648
5120,279
5121,150
5122,1012
5123,1695
5124,2211
5125,199
5126,441
5127,3603
5128,1076
5129,3323
5130,1407
5131,3685
5132,9449
5133,2664
5134,44
5135,1921
5136,5259
5137,3346
5138,81
5139,3540
5140,210
5141,817
5142,37373
5143,1388
5144,3017
5145,2281
5146,1591
5147,1723
5148,174
5149,2077
5150,1592
5151,470
5152,3211
5153,1439
5154,2979
5155,150
5156,1105
5157,525
5158,15
5159,58
5160,2129
5161,403
5162,979
5163,5290
5164,1108
5165,845
5166,2027
5167,1131
5168,205
5169,15
5170,728
5171,437
5172,26
5173,2231
5174,428
5175,118
5176,1702
5177,1903
5178,2080
5179,42
5180,462
5181,4860
5182,3926
5183,10483
5184,514
5185,627
5186,3
5187,2865
5188,3333
5189,1409
5190,1499
5191,2145
5192,1751
5193,1728
5194,366
5195,24242
5196,77
5197,31
5198,2410
5199,444
5200,16740
5201,414
5202,843
5203,2754
5204,11
5205,4247
5206,47
5207,10863
5208,22
5209,115
5210,235
5211,9636
5212,2175
5213,3033
5214,77
5215,59057
5216,1611
5217,2567
5218,74
5219,2112
5220,1686
5221,3339
5222,1161
5223,60
5224,48
5225,1596
5226,1760
5227,4174
5228,3840
5229,1080
5230,535
5231,1910
5232,2126
5233,139
5234,847
5235,13
5236,26
5237,1707
5238,1327
5239,1548
5240,13
5241,2752
5242,793
5243,4040
5244,1132
5245,954
5246,69
5247,472
5248,2282
5249,1330
5250,4262
5251,17
5252,767
5253,1151
5254,1071
5255,1898
5256,788
5257,1468
5258,4491
5259,527
5260,2937
5261,2197
5262,857
5263,210
5264,2915
5265,1225
5266,2292
5267,694
5268,3818
5269,2097
5270,2801
5271,2287
5272,5138
5273,2139
5274,320
5275,653
5276,345
5277,37
5278,1248
5279,1608
5280,1860
5281,795
5282,99
5283,19782
5284,161
5285,2232
5286,2916
5287,1015
5288,685
5289,45525
5290,29
5291,1686
5292,2236
5293,1300
5294,116
5295,538
5296,273
5297,702
5298,2539
5299,2220
5300,652
5301,6214
5302,821
5303,1510
5304,1624
5305,2824
5306,1214
5307,3976
5308,886
5309,2388
5310,171
5311,1246
5312,2569
5313,1897
5314,118
5315,1285
5316,221
5317,707
5318,449
5319,136
5320,2174
5321,689
5322,112
5323,135
5324,621
5325,1408
5326,3957
5327,35569
5328,2777
5329,2850
5330,3881
5331,1987
5332,849
5333,2535
5334,1173
5335,1078
5336,604
5337,589
5338,666
5339,217
5340,1132
5341,1150
5342,651
5343,3411
5344,1180
5345,1323
5346,3439
5347,1009
5348,1355
5349,4158
5350,99
5351,1664
5352,2710
5353,3072
5354,343
5355,460
5356,884
5357,308
5358,36837
5359,1194
5360,2588
5361,714
5362,279
5363,840
5364,1686
5365,925
5366,2463
5367,259
5368,2960
5369,658
5370,166
5371,89
5372,3214
5373,130
5374,3189
5375,1238
5376,10308
5377,3464
5378,1722
5379,519
5380,227
5381,2029
5382,2575
5383,4846
5384,1402
5385,119
5386,30325
5387,460
5388,1128
5389,1944
5390,872
5391,1912
5392,599
5393,11
5394,816
5395,56
5396,833
5397,1703
5398,604
5399,55
5400,992
5401,545
5402,15
5403,20
5404,199
5405,28736
5406,357
5407,186
5408,1119
5409,88
5410,416
5411,35514
5412,1154
5413,1974
5414,1770
5415,2521
5416,74
5417,2826
5418,831
5419,26
5420,3767
5421,34
5422,1765
5423,2594
5424,385
5425,5723
5426,115
5427,13756
5428,3075
5429,143
5430,2603
5431,1933
5432,1192
5433,714
5434,383
5435,379
5436,4548
5437,1128
5438,1522
5439,571
5440,490
5441,3024
5442,775
5443,1092
5444,1781
5445,14289
5446,23
5447,2319
5448,25059
5449,1139
5450,83
5451,679
5452,1456
5453,4064
5454,318
5455,1275
5456,2637
5457,3986
5458,3446
5459,52
5460,2404
5461,792
5462,2502
5463,651
5464,1164
5465,1859
5466,382
5467,2110
5468,239
5469,19427
5470,2987
5471,2561
5472,1381
5473,1143
5474,203
5475,3182
5476,1539
5477,2819
5478,736
5479,2145
5480,1997
5481,6744
5482,2507
5483,1151
5484,12
5485,776
5486,290
5487,56
5488,943
5489,3896
5490,592
5491,1937
5492,6595
5493,122
5494,2989
5495,1597
5496,2072
5497,787
5498,54
5499,770
5500,828
5501,9199
5502,3537
5503,1
5504,28
5505,11
5506,45
5507,10
5508,8
5509,8369
5510,377
5511,1382
5512,706
5513,612
5514,249
5515,2610
5516,1154
5517,238
5518,2069
5519,1318
5520,1601
5521,16127
5522,3267
5523,2261
5524,249
5525,890
5526,1450
5527,149
5528,4255
5529,2107
5530,2728
5531,930
5532,1373
5533,709
5534,190
5535,154
5536,2725
5537,1728
5538,30330
5539,2849
5540,13
5541,1628
5542,36
5543,1284
5544,9085
5545,1119
5546,1470
5547,2075
5548,2507
5549,465
5550,7006
5551,665
5552,3658
5553,1628
5554,623
5555,638
5556,336
5557,1549
5558,766
5559,1318
5560,1029
5561,1087
5562,629
5563,4586
5564,1814
5565,1119
5566,482
5567,471
5568,576
5569,3338
5570,2324
5571,150
5572,2897
5573,830
5574,4184
5575,236
5576,482
5577,1067
5578,1180
5579,2639
5580,336
5581,346
5582,224
5583,206
5584,8180
5585,101985
5586,1363
5587,3166
5588,405
5589,2119
5590,2818
5591,9021
5592,1208
5593,1621
5594,689
5595,1671
5596,29
5597,3839
5598,2751
5599,3660
5600,2047
5601,6543
5602,602
5603,2013
5604,1215
5605,991
5606,1679
5607,20068
5608,2508
5609,986
5610,505
5611,2825
5612,708
5613,1645
5614,2342
5615,3465
5616,86
5617,100
5618,2300
5619,694
5620,66
5621,58
5622,24
5623,908
5624,36063
5625,349
5626,1886
5627,3591
5628,970
5629,852
5630,1921
5631,956
5632,4557
5633,1456
5634,1767
5635,3229
5636,6055
5637,658
5638,60
5639,5398
5640,232
5641,2663
5642,5027
5643,514
5644,293
5645,3894
5646,301
5647,2661
5648,37881
5649,1113
5650,2487
5651,399
5652,3631
5653,1750
5654,1569
5655,2042
5656,1535
5657,934
5658,11129
5659,2418
5660,34935
5661,787
5662,1299
5663,1351
5664,2070
5665,258
5666,1635
5667,1792
5668,38
5669,12488
5670,635
5671,2142
5672,3315
5673,1481
5674,3098
5675,11259
5676,197
5677,125
5678,1048
5679,3194
5680,30
5681,2068
5682,609
5683,17285
5684,152
5685,11587
5686,1601
5687,518
5688,320
5689,169
5690,7747
5691,16987
5692,1676
5693,2947
5694,1562
5695,1021
5696,3090
5697,923
5698,55
5699,1965
5700,504
5701,61217
5702,1376
5703,246
5704,22
5705,366
5706,926
5707,1125
5708,253
5709,8735
5710,2420
5711,641
5712,1241
5713,7209
5714,42
5715,206
5716,3536
5717,3739
5718,13269
5719,3403
5720,2383
5721,370
5722,1771
5723,1943
5724,429
5725,1220
5726,1666
5727,1547
5728,1348
5729,311
5730,79
5731,5218
5732,2096
5733,1585
5734,1673
5735,10
5736,60
5737,1085
5738,1042
5739,1033
5740,2720
5741,1538
5742,1426
5743,1114
5744,1965
5745,37
5746,141
5747,1602
5748,262
5749,1148
5750,1572
5751,494
5752,3849
5753,3952
5754,3966
5755,1708
5756,3165
5757,2409
5758,154
5759,492
5760,1765
5761,76732
5762,1737
5763,959
5764,1329
5765,3940
5766,3633
5767,3291
5768,148
5769,1056
5770,2032
5771,1762
5772,41
5773,30
5774,39
5775,15
5776,6957
5777,621
5778,1821
5779,23
5780,2205
5781,2758
5782,2250
5783,702
5784,355
5785,1264
5786,343
5787,1424
5788,697
5789,1434
5790,1254
5791,4483
5792,4316
5793,321
5794,4228
5795,403
5796,2625
5797,2176
5798,175
5799,1061
5800,544
5801,1968
5802,1914
5803,469
5804,406
5805,1094
5806,6568
5807,1311
5808,45
5809,84
5810,1757
5811,145
5812,3111
5813,1003
5814,2917
5815,2115
5816,1500
5817,24
5818,2210
5819,3039
5820,1970
5821,1560
5822,1270
5823,2106
5824,526
5825,1485
5826,635
5827,124
5828,3361
5829,38
5830,1806
5831,4383
5832,1204
5833,38
5834,1022
5835,141
5836,308
5837,171
5838,505
5839,1875
5840,1910
5841,10069
5842,1993
5843,1775
5844,84
5845,7477
5846,821
5847,1020
5848,1406
5849,595
5850,1724
5851,69
5852,2285
5853,1703
5854,596
5855,3135
5856,1792
5857,3419
5858,337
5859,69
5860,85
5861,3681
5862,2451
5863,306
5864,220
5865,69
5866,4358
5867,2445
5868,879
5869,10207
5870,717
5871,2349
5872,107
5873,782
5874,32
5875,3057
5876,3814
5877,322
5878,503
5879,138
5880,679785
5881,1266
5882,188
5883,21
5884,5661
5885,9312
5886,945
5887,369
5888,1372
5889,15548
5890,1859
5891,309
5892,666
5893,5323
5894,3849
5895,1004
5896,1256
5897,5
5898,9
5899,12
5900,203
5901,2388
5902,818
5903,1759
5904,15590
5905,1427
5906,150
5907,2279
5908,2283
5909,193
5910,1502
5911,60
5912,323
5913,5320
5914,163
5915,167
5916,288
5917,752
5918,353
5919,29
5920,925
5921,3318
5922,1262
5923,5764
5924,1042
5925,79
5926,781
5927,743
5928,177
5929,2147
5930,257
5931,20
5932,3964
5933,3782
5934,170
5935,204
5936,327
5937,83
5938,1118
5939,853
5940,14898
5941,2987
5942,986
5943,2629
5944,1366
5945,2600
5946,23
5947,1086
5948,3166
5949,686
5950,231
5951,356
5952,2495
5953,3863
5954,2128
5955,2388
5956,2662
5957,2094
5958,695
5959,19
5960,1467
5961,162
5962,755
5963,514
5964,2767
5965,3963
5966,734
5967,268
5968,942
5969,11410
5970,1441
5971,280
5972,1727
5973,8195
5974,1526
5975,766
5976,2189
5977,1344
5978,20474
5979,1318
5980,605
5981,2584
5982,3418
5983,3155
5984,3927
5985,2406
5986,933
5987,880
5988,1115
5989,1728
5990,457
5991,918
5992,18
5993,571
5994,2950
5995,36
5996,651
5997,4764
5998,28
5999,147
6000,1810
6001,148
6002,381
6003,312
6004,2628
6005,3688
6006,1674
6007,5751
6008,1430
6009,492
6010,355
6011,9
6012,8
6013,2
6014,26
6015,58
6016,10
6017,57
6018,19
6019,10
6020,12
6021,10
6022,4626
6023,1781
6024,143
6025,4880
6026,7306
6027,192
6028,3643
6029,3101
6030,1535
6031,1578
6032,3669
6033,34
6034,1750
6035,1691
6036,70
6037,1095
6038,17683
6039,828
6040,104
6041,66410
6042,51
6043,2488
6044,365
6045,646
6046,857
6047,34064
6048,631
6049,194
6050,2146
6051,11
6052,229
6053,4094
6054,33353
6055,1061
6056,18222
6057,2569
6058,2363
6059,3116
6060,1127
6061,3826
6062,165
6063,8031
6064,1512
6065,8572
6066,1892
6067,7790
6068,1049
6069,96
6070,353
6071,1675
6072,1446
6073,345
6074,3180
6075,2412
6076,3093
6077,781
6078,9286
6079,2409
6080,93
6081,39517
6082,261
6083,20020
6084,1397
6085,2883
6086,236
6087,1333
6088,2337
6089,1735
6090,380
6091,287
6092,1005
6093,434
6094,806
6095,2123
6096,1158
6097,4392
6098,12
6099,1809
6100,366
6101,116
6102,3428
6103,2451
6104,847
6105,2719
6106,38
6107,566
6108,239
6109,3760
6110,2078
6111,954
6112,948
6113,2204
6114,8284
6115,115
6116,9541
6117,1731
6118,798
6119,4705
6120,2391
6121,504
6122,3771
6123,20
6124,90
6125,2261
6126,236
6127,496
6128,1767
6129,327
6130,1158
6131,1255
6132,17776
6133,1317
6134,1475
6135,1790
6136,1633
6137,302
6138,570
6139,2741
6140,156
6141,1791
6142,59
6143,572
6144,214
6145,725
6146,1375
6147,1037
6148,1201
6149,242
6150,115812
6151,1071
6152,1777
6153,4371
6154,37
6155,1709
6156,2839
6157,313
6158,851
6159,359
6160,49
6161,340
6162,42
6163,3266
6164,76
6165,2323
6166,1634
6167,5368
6168,1415
6169,2100
6170,53
6171,1007
6172,2523
6173,159
6174,3910
6175,1678
6176,2406
6177,1683
6178,1865
6179,2142
6180,4151
6181,1122
6182,4796
6183,3616
6184,7071
6185,4071
6186,488
6187,119
6188,131
6189,475
6190,3512
6191,266
6192,1666
6193,73463
6194,1440
6195,7417
6196,2615
6197,184
6198,1514
6199,1665
6200,40
6201,888
6202,17
6203,144
6204,107
6205,3844
6206,2410
6207,705
6208,2398
6209,1078
6210,78
6211,647
6212,2111
6213,1002
6214,3923
6215,1737
6216,834
6217,2196
6218,290
6219,1263
6220,133
6221,954
6222,3156
6223,96
6224,208
6225,3674
6226,1094
6227,1063
6228,4258
6229,7606
6230,2995
6231,2270
6232,1519
6233,3
6234,34149
6235,4076
6236,1496
6237,474
6238,952
6239,68
6240,1676
6241,1517
6242,484
6243,704
6244,1251
6245,2364
6246,2461
6247,657
6248,212
6249,4787
6250,4655
6251,635
6252,448
6253,6447
6254,21
6255,136
6256,94
6257,874
6258,1869
6259,1943
6260,618
6261,1822
6262,1893
6263,3671
6264,4369
6265,16
6266,111
6267,212
6268,2513
6269,428
6270,1941
6271,2559
6272,2244
6273,21892
6274,585
6275,1671
6276,1677
6277,6
6278,1344
6279,19
6280,1365
6281,2061
6282,1551
6283,1016
6284,2363
6285,1954
6286,472
6287,1634
6288,867
6289,3602
6290,8178
6291,673
6292,2167
6293,58
6294,892
6295,170
6296,1979
6297,376
6298,424
6299,156
6300,1001
6301,435
6302,2785
6303,589
6304,1939
6305,4824
6306,20797
6307,52
6308,1797
6309,673
6310,3679
6311,5209
6312,1797
6313,745
6314,112
6315,423
6316,52
6317,15
6318,377
6319,3638
6320,3168
6321,6831
6322,43
6323,47
6324,1712
6325,331
6326,12516
6327,602
6328,3435
6329,1922
6330,763
6331,1702
6332,31
6333,749
6334,2617
6335,1495
6336,1138
6337,553
6338,14884
6339,2755
6340,455
6341,2108
6342,1357
6343,996
6344,594
6345,151
6346,6
6347,84
6348,782
6349,720
6350,2316
6351,3210
6352,1815
6353,58
6354,387
6355,1904
6356,7638
6357,13
6358,212
6359,1344
6360,1278
6361,4153
6362,3938
6363,1739
6364,38
6365,340
6366,721
6367,16
6368,1213
6369,267
6370,3680
6371,50
6372,1681
6373,1077
6374,189
6375,1483
6376,7953
6377,2595
6378,62
6379,4204
6380,6807
6381,302
6382,206
6383,1787
6384,562
6385,191
6386,60
6387,1527
6388,1136
6389,1783
6390,663
6391,85
6392,15
6393,22
6394,1199
6395,141
6396,320
6397,3819
6398,952
6399,308
6400,727
6401,30781
6402,53
6403,137
6404,4558
6405,1913
6406,508
6407,35507
6408,1537
6409,1029
6410,2452
6411,213
6412,108
6413,1779
6414,502
6415,998
6416,1817
6417,122
6418,4018
6419,1753
6420,2072
6421,2540
6422,237
6423,120
6424,761
6425,2151
6426,24
6427,1752
6428,2444
6429,67
6430,3845
6431,4924
6432,7521
6433,1135
6434,57
6435,2199
6436,1743
6437,3351
6438,1370
6439,1242
6440,29
6441,9
6442,1414
6443,1683
6444,1035
6445,736
6446,84
6447,1511
6448,73
6449,4243
6450,2070
6451,2363
6452,30392
6453,18960
6454,220
6455,403
6456,53
6457,1366
6458,45795
6459,598
6460,2189
6461,1499
6462,12302
6463,1585
6464,1485
6465,4169
6466,4187
6467,183
6468,272
6469,365
6470,10
6471,148
6472,47
6473,794
6474,47
6475,134
6476,53835
6477,2157
6478,1467
6479,208
6480,795
6481,309
6482,2464
6483,86
6484,145
6485,2723
6486,101
6487,12
6488,30
6489,1958
6490,1099
6491,276
6492,26
6493,2020
6494,2783
6495,6142
6496,18052
6497,1569
6498,1589
6499,1188
6500,2031
6501,18
6502,5202
6503,817
6504,1456
6505,861
6506,3837
6507,2038
6508,3100
6509,1978
6510,2772
6511,2090
6512,1186
6513,671
6514,79
6515,626
6516,943
6517,27944
6518,4877
6519,63
6520,1192
6521,240
6522,106
6523,168
6524,314
6525,376
6526,51
6527,26
6528,2073
6529,2007
6530,1082
6531,9979
6532,3340
6533,887
6534,1792
6535,450
6536,60
6537,5528
6538,2731
6539,870
6540,30
6541,523
6542,5026
6543,1957
6544,588
6545,80
6546,1352
6547,348
6548,93
6549,615
6550,23303
6551,2198
6552,3010
6553,3087
6554,7289
6555,321
6556,1360
6557,4961
6558,873
6559,974
6560,1901
6561,2399
6562,138
6563,33937
6564,761
6565,8559
6566,411
6567,243
6568,94
6569,403
6570,1991
6571,1220
6572,51
6573,4597
6574,738
6575,518
6576,1112
6577,309
6578,1766
6579,1743
6580,2246
6581,3332
6582,208
6583,4310
6584,2319
6585,3895
6586,819
6587,1570
6588,795
6589,2379
6590,2484
6591,8789
6592,4686
6593,333
6594,332
6595,1700
6596,1812
6597,72
6598,20385
6599,11319
6600,2588
6601,5035
6602,2405
6603,1159
6604,1518
6605,7693
6606,11862
6607,74
6608,340
6609,314
6610,956
6611,3976
6612,2830
6613,2166
6614,1937
6615,710
6616,1692
6617,650
6618,16
6619,281
6620,3968
6621,69
6622,534
6623,1340
6624,103
6625,2125
6626,3000
6627,4483
6628,4856
6629,3618
6630,541
6631,478
6632,1444
6633,94
6634,21
6635,4153
6636,2818
6637,935
6638,2108
6639,1515
6640,105
6641,1653
6642,51
6643,962
6644,1467
6645,199
6646,77
6647,2019
6648,42
6649,596
6650,251
6651,17
6652,1841
6653,7156
6654,27759
6655,529
6656,669
6657,478
6658,8627
6659,2492
6660,79
6661,360
6662,6025
6663,2833
6664,758
6665,47
6666,2811
6667,710
6668,319
6669,2619
6670,1388
6671,1680
6672,15
6673,85
6674,20
6675,2588
6676,3342
6677,2844
6678,4641
6679,2110
6680,111
6681,2293
6682,16
6683,1338
6684,71
6685,21
6686,703
6687,1853
6688,227
6689,219
6690,1879
6691,7522
6692,3856
6693,736
6694,1542
6695,2443
6696,413
6697,1333
6698,124
6699,895
6700,2065
6701,932
6702,640
6703,27879
6704,350
6705,802
6706,735
6707,1361
6708,1587
6709,1440
6710,1025
6711,2024
6712,520
6713,19
6714,1307
6715,965
6716,1582
6717,1586
6718,851
6719,1012
6720,3398
6721,5
6722,33569
6723,2975
6724,301
6725,2357
6726,1284
6727,3460
6728,554
6729,36
6730,89
6731,4851
6732,260
6733,78
6734,276
6735,193
6736,2681
6737,2876
6738,298
6739,276
6740,889
6741,8265
6742,1973
6743,1082
6744,46336
6745,25158
6746,1384
6747,2010
6748,3838
6749,443
6750,15899
6751,51
6752,129
6753,990
6754,921
6755,205
6756,99
6757,1013
6758,3625
6759,53
6760,2147
6761,3249
6762,189
6763,542
6764,18387
6765,2133
6766,2481
6767,186
6768,325
6769,567
6770,11387
6771,1637
6772,214
6773,141
6774,29
6775,134
6776,702
6777,1035
6778,960
6779,298
6780,48
6781,1209
6782,1946
6783,1067
6784,808
6785,301
6786,381
6787,775
6788,149
6789,1611
6790,7877
6791,127
6792,671
6793,151
6794,1686
6795,452
6796,288
6797,21337
6798,1429
6799,199
6800,2920
6801,1215
6802,683
6803,1810
6804,1462
6805,2140
6806,482
6807,28
6808,10064
6809,4000
6810,538
6811,1645
6812,2665
6813,1146
6814,1988
6815,327
6816,1003
6817,492
6818,60
6819,86
6820,10
6821,4
6822,2103
6823,230
6824,110
6825,224
6826,3109
6827,2267
6828,1952
6829,139
6830,2871
6831,7450
6832,5681
6833,444
6834,18
6835,1215
6836,153
6837,770
6838,840
6839,635
6840,300
6841,1277
6842,7050
6843,1574
6844,92
6845,359
6846,24
6847,1628
6848,301
6849,40
6850,2513
6851,381
6852,2326
6853,4364
6854,10
6855,19
6856,1551
6857,1228
6858,477
6859,125
6860,15
6861,19
6862,1961
6863,367
6864,56
6865,120
6866,53
6867,1650
6868,586
6869,2949
6870,1539
6871,2227
6872,2205
6873,140
6874,192
6875,199
6876,2940
6877,34471
6878,2364
6879,1271
6880,2625
6881,254
6882,870
6883,2493
6884,236
6885,3559
6886,54
6887,519
6888,200
6889,887
6890,167
6891,2254
6892,1331
6893,2414
6894,607
6895,550
6896,17008
6897,158
6898,5887
6899,25
6900,2352
6901,145
6902,88
6903,7
6904,279
6905,706
6906,22
6907,12
6908,167
6909,2673
6910,538
6911,180
6912,3200
6913,2609
6914,3646
6915,535
6916,160
6917,37
6918,886
6919,815
6920,477
6921,2161
6922,6
6923,78
6924,31
6925,106
6926,3162
6927,3028
6928,223
6929,67
6930,1349
6931,8
6932,815
6933,129
6934,846
6935,1354
6936,1097
6937,28893
6938,6
6939,4427
6940,56
6941,200
6942,4783
6943,1144
6944,1393
6945,433
6946,1580
6947,246
6948,172
6949,1015
6950,84
6951,17678
6952,2600
6953,6026
6954,2456
6955,5337
6956,237
6957,1720
6958,61
6959,1922
6960,4387
6961,294
6962,1023
6963,5088
6964,74
6965,2803
6966,5031
6967,513
6968,982
6969,19903
6970,2360
6971,24171
6972,240
6973,1861
6974,1437
6975,2255
6976,24208
6977,2725
6978,2435
6979,114
6980,4857
6981,264
6982,740
6983,11964
6984,393
6985,24535
6986,4026
6987,1366
6988,756
6989,59
6990,2346
6991,506
6992,3951
6993,426
6994,2713
6995,802
6996,331
6997,49
6998,132
6999,87
7000,876
7001,231
7002,575
7003,30
7004,497
7005,869
7006,259
7007,5416
7008,1400
7009,40
7010,166
7011,4686
7012,87
7013,3131
7014,779
7015,1734
7016,703
7017,735
7018,329
7019,7352
7020,2381
7021,649
7022,3307
7023,631
7024,2401
7025,748
7026,2232
7027,2001
7028,662
7029,184
7030,320
7031,952
7032,130
7033,963
7034,67
7035,14
7036,932
7037,703
7038,594
7039,55
7040,476
7041,26
7042,257
7043,6283
7044,423
7045,202
7046,226
7047,302
7048,254
7049,134
7050,247
7051,13
7052,720
7053,146
7054,2245
7055,130
7056,2751
7057,189
7058,2238
7059,3686
7060,470
7061,1195
7062,2101
7063,5424
7064,293
7065,308
7066,4099
7067,763
7068,544
7069,8097
7070,359
7071,258
7072,176
7073,859
7074,2604
7075,800
7076,2107
7077,257
7078,31
7079,1116
7080,1476
7081,14
7082,41
7083,169
7084,1357
7085,6121
7086,270
7087,2753
7088,330
7089,117
7090,23060
7091,228
7092,2013
7093,4286
7094,39
7095,226
7096,564
7097,96
7098,1836
7099,1234
7100,671
7101,102
7102,31
7103,856
7104,3381
7105,502
7106,226
7107,79344
7108,73032
7109,879
7110,114
7111,1965
7112,93
7113,1131
7114,87
7115,1259
7116,2212
7117,104
7118,946
7119,131
7120,2132
7121,1916
7122,16
7123,650
7124,1991
7125,3694
7126,1267
7127,689
7128,3712
7129,10
7130,66
7131,32
7132,4665
7133,1013
7134,1260
7135,1240
7136,2724
7137,1140
7138,2348
7139,3630
7140,850
7141,65
7142,556
7143,2
7144,4355
7145,9637
7146,7356
7147,9
7148,4
7149,334
7150,213
7151,1
7152,63
7153,25
7154,15
7155,16
7156,20
7157,34
7158,5
7159,20
7160,38
7161,38
7162,7
7163,7
7164,10
7165,39
7166,451
7167,24
7168,8
7169,11
7170,18
7171,19
7172,1916
7173,12475
7174,6722
7175,1167
7176,961
7177,625
7178,17
7179,1087
7180,4491
7181,135
7182,148
7183,1773
7184,1072
7185,482
7186,61
7187,151
7188,91
7189,2602
7190,814
7191,996
7192,693
7193,79
7194,1314
7195,1978
7196,12
7197,13
7198,76
7199,18
7200,257603
7201,2014
7202,7
7203,201
7204,1612
7205,1911
7206,7398
7207,14
7208,923
7209,748
7210,826
7211,441
7212,30868
7213,3850
7214,164
7215,660
7216,1572
7217,1476
7218,2065
7219,1707
7220,2030
7221,1283
7222,3485
7223,97
7224,369
7225,2158
7226,65
7227,2904
7228,41
7229,693
7230,2479
7231,20
7232,1179
7233,1273
7234,2279
7235,4168
7236,881
7237,404
7238,74
7239,1127
7240,482
7241,19248
7242,1706
7243,1336
7244,232
7245,27
7246,76
7247,299
7248,1379
7249,866
7250,1148
7251,2915
7252,3785
7253,330
7254,55
7255,5313
7256,59
7257,23
7258,165
7259,13825
7260,4925
7261,2069
7262,80
7263,408
7264,101
7265,31
7266,4496
7267,2285
7268,36426
7269,239
7270,552
7271,25
7272,2118
7273,996
7274,531
7275,14
7276,319
7277,34797
7278,2190
7279,197
7280,1708
7281,898
7282,357
7283,2297
7284,54
7285,2928
7286,28974
7287,1849
7288,440
7289,3380
7290,159
7291,3374
7292,329
7293,64
7294,396
7295,115
7296,1134
7297,36
7298,1356
7299,3226
7300,35022
7301,30
7302,64
7303,16
7304,680
7305,987
7306,551
7307,1669
7308,344
7309,797
7310,30
7311,3473
7312,1777
7313,3424
7314,3519
7315,42
7316,520
7317,409
7318,501
7319,135
7320,1120
7321,549
7322,59
7323,1196
7324,2968
7325,175
7326,1459
7327,28
7328,3485
7329,33
7330,956
7331,793
7332,3128
7333,2166
7334,85
7335,68
7336,146
7337,1367
7338,55199
7339,887
7340,14
7341,2615
7342,386
7343,29
7344,855
7345,159
7346,1273
7347,2635
7348,158
7349,2301
7350,3213
7351,36
7352,411
7353,178
7354,239
7355,83
7356,568
7357,1746
7358,282
7359,647
7360,1438
7361,157
7362,412
7363,606
7364,2087
7365,3087
7366,260
7367,505
7368,40
7369,661
7370,1654
7371,224
7372,77
7373,13018
7374,477
7375,1263
7376,664
7377,2490
7378,56
7379,31
7380,615
7381,3137
7382,1829
7383,2352
7384,1827
7385,65
7386,2049
7387,2021
7388,16
7389,2037
7390,1645
7391,183
7392,119
7393,2667
7394,22
7395,92136
7396,187753
7397,18
7398,311435
7399,2348
7400,110457
7401,118918
7402,69
7403,11
7404,23
7405,6419
7406,524
7407,346
7408,293
7409,48
7410,108
7411,1374
7412,181
7413,2578
7414,799
7415,786
7416,43200
7417,600
7418,29710
7419,324
7420,822
7421,85
7422,419
7423,83
7424,1631
7425,1242
7426,6702
7427,1089
7428,1539
7429,7861
7430,986
7431,1079
7432,263
7433,3933
7434,9
7435,656
7436,977
7437,117
7438,400
7439,271
7440,3858
7441,212
7442,898
7443,24
7444,14
7445,134
7446,1469
7447,5204
7448,574
7449,35
7450,42
7451,102
7452,778
7453,60
7454,52
7455,1509
7456,69
7457,106
7458,34
7459,47564
7460,3437
7461,10
7462,116
7463,196
7464,1065
7465,1654
7466,1732
7467,43
7468,3246
7469,126
7470,1825
7471,110
7472,120
7473,3
7474,510
7475,16503
7476,1057
7477,2944
7478,2185
7479,524
7480,90
7481,313
7482,1463
7483,531
7484,426
7485,1769
7486,336
7487,33
7488,502
7489,339
7490,85
7491,1161
7492,934
7493,23
7494,16
7495,31
7496,34
7497,26
7498,9
7499,28
7500,32
7501,17
7502,8346
7503,3140
7504,2102
7505,484
7506,2019
7507,734
7508,409
7509,101
7510,387
7511,35
7512,184
7513,32
7514,87
7515,31
7516,3682
7517,1186
7518,3134
7519,122
7520,490
7521,6
7522,52
7523,54
7524,3450
7525,1019
7526,78
7527,9251
7528,65
7529,54
7530,2053
7531,432
7532,897
7533,2608
7534,2510
7535,322
7536,1690
7537,17
7538,1034
7539,258
7540,729
7541,215
7542,819
7543,96
7544,2822
7545,420
7546,622
7547,52
7548,56825
7549,31
7550,1476
7551,389
7552,495
7553,66
7554,219
7555,1146
7556,257
7557,383
7558,2019
7559,1162
7560,6951
7561,7585
7562,334
7563,66
7564,126
7565,341
7566,7372
7567,101
7568,1777
7569,1126
7570,1759
7571,65
7572,18
7573,16
7574,64
7575,507
7576,1555
7577,1665
7578,7
7579,2424
7580,152
7581,392
7582,141
7583,103
7584,37
7585,127
7586,358
7587,666
7588,1749
7589,74
7590,1000
7591,100
7592,224
7593,188
7594,5622
7595,82
7596,858
7597,848
7598,522
7599,677
7600,19
7601,42131
7602,1057
7603,5894
7604,2605
7605,30
7606,39
7607,41
7608,260
7609,470
7610,823
7611,1292
7612,2571
7613,297
7614,1599
7615,33645
7616,67
7617,241
7618,4123
7619,1054
7620,1078
7621,219
7622,3031
7623,464
7624,3117
7625,991
7626,195
7627,104
7628,24
7629,1847
7630,49
7631,1744
7632,16
7633,1199
7634,151
7635,9654
7636,4
7637,72
7638,44
7639,554
7640,919
7641,126
7642,1139
7643,1580
7644,425
7645,37
7646,125
7647,301
7648,840
7649,182
7650,189
7651,46
7652,11
7653,2066
7654,82
7655,4830
7656,31
7657,10786
7658,60
7659,581
7660,511
7661,81
7662,227
7663,30
7664,1864
7665,1390
7666,414
7667,741
7668,109
7669,83
7670,319
7671,61
7672,44
7673,1646
7674,1985
7675,24
7676,1632
7677,94
7678,853
7679,277
7680,179
7681,250
7682,1960
7683,30
7684,1698
7685,418
7686,1977
7687,234
7688,1571
7689,44
7690,1441
7691,372
7692,1484
7693,501
7694,2333
7695,114
7696,1110
7697,4833
7698,370
7699,331
7700,366
7701,1090
7702,2613
7703,1393
7704,131
7705,22
7706,31
7707,31
7708,102
7709,46
7710,15
7711,6879
7712,1657
7713,1358
7714,2556
7715,97
7716,2426
7717,23
7718,4289
7719,63
7720,15
7721,19
7722,143
7723,3366
7724,154
7725,31021
7726,701
7727,3031
7728,71
7729,106
7730,3093
7731,221
7732,23
7733,9
7734,69
7735,28
7736,259
7737,317
7738,259
7739,154
7740,811
7741,55
7742,188
7743,631
7744,112
7745,759
7746,100
7747,735
7748,150
7749,2535
7750,713
7751,715
7752,1539
7753,263
7754,1204
7755,10
7756,2334
7757,174
7758,3023
7759,105
7760,33
7761,14
7762,228
7763,7987
7764,1852
7765,1882
7766,17
7767,4888
7768,3596
7769,174
7770,12
7771,190
7772,40
7773,812
7774,2006
7775,1166
7776,3385
7777,1186
7778,10701
7779,103
7780,655
7781,12199
7782,51
7783,75
7784,115
7785,304
7786,9
7787,990
7788,2239
7789,91
7790,1287
7791,532
7792,4176
7793,107
7794,548
7795,254
7796,1725
7797,1385
7798,138
7799,694
7800,47
7801,285
7802,56
7803,2
7804,14
7805,972
7806,426
7807,404
7808,5502
7809,92
7810,390
7811,114
7812,37
7813,153
7814,2732
7815,76
7816,36
7817,785
7818,666
7819,7146
7820,29
7821,358
7822,1132
7823,511
7824,2545
7825,1423
7826,2794
7827,2912
7828,731
7829,4941
7830,45
7831,441
7832,25
7833,618
7834,4
7835,270
7836,86
7837,2215
7838,489
7839,47
7840,221
7841,72
7842,176
7843,4207
7844,186
7845,673
7846,171
7847,3111
7848,266
7849,6
7850,102
7851,178
7852,182
7853,404
7854,235
7855,242
7856,640
7857,11493
7858,2398
7859,33114
7860,3729
7861,233
7862,590
7863,323
7864,248
7865,196
7866,579
7867,305
7868,78
7869,613
7870,116
7871,401
7872,850
7873,266
7874,273
7875,308
7876,5336
7877,2673
7878,199
7879,71
7880,166
7881,1431
7882,3555
7883,609
7884,2513
7885,19
7886,306
7887,82
7888,4472
7889,126
7890,1576
7891,740
7892,80
7893,1188
7894,24
7895,12
7896,23
7897,23
7898,1114
7899,161
7900,714
7901,1286
7902,98
7903,260
7904,1
7905,60
7906,156
7907,2330
7908,1937
7909,4561
7910,106
7911,2948
7912,97
7913,559
7914,830
7915,108
7916,33
7917,19
7918,480
7919,124
7920,28
7921,904
7922,3245
7923,4821
7924,2410
7925,1873
7926,448
7927,786
7928,648
7929,729
7930,11
7931,336
7932,25
7933,54
7934,90
7935,2200
7936,1302
7937,1379
7938,644
7939,37
7940,2097
7941,506
7942,183
7943,1025
7944,298
7945,726
7946,1878
7947,100260
7948,4
7949,21
7950,4
7951,24
7952,22
7953,104
7954,426
7955,846
7956,1169
7957,122
7958,464
7959,1034
7960,25
7961,6181
7962,2744
7963,480
7964,455
7965,4820
7966,9710
7967,16597
7968,317
7969,104
7970,883
7971,4146
7972,2176
7973,18
7974,2317
7975,718
7976,208
7977,5553
7978,738
7979,293
7980,69
7981,5906
7982,90
7983,429
7984,124
7985,2136
7986,3506
7987,346
7988,141
7989,4490
7990,1672
7991,654
7992,776
7993,426
7994,12639
7995,34
7996,22478
7997,1790
7998,1925
7999,3550
8000,379
8001,1182
8002,860
8003,210
8004,786
8005,1404
8006,1765
8007,198
8008,939
8009,835
8010,1025
8011,70
8012,1353
8013,23193
8014,1425
8015,12712
8016,926
8017,1017
8018,149
8019,952
8020,3848
8021,63
8022,1280
8023,213
8024,2070
8025,3679
8026,46
8027,2038
8028,1195
8029,1725
8030,915
8031,2244
8032,3008
8033,3225
8034,1993
8035,421
8036,5834
8037,2343
8038,1506
8039,2251
8040,1599
8041,1601
8042,1574
8043,763
8044,3398
8045,1651
8046,2957
8047,702
8048,3368
8049,1979
8050,2476
8051,177
8052,1469
8053,18638
8054,35641
8055,1583
8056,1290
8057,2452
8058,56077
8059,3109
8060,632
8061,721
8062,120
8063,566
8064,542
8065,1510
8066,3400
8067,2570
8068,1517
8069,991
8070,160
8071,81
8072,9177
8073,1453
8074,33
8075,4124
8076,1383
8077,2500
8078,357
8079,92
8080,2460
8081,67863
8082,7945
8083,82619
8084,1458
8085,572
8086,301
8087,2251
8088,5549
8089,597
8090,1690
8091,8782
8092,1172
8093,183
8094,812
8095,1427
8096,2596
8097,843
8098,1394
8099,1334
8100,693
8101,128
8102,2278
8103,5580
8104,1269
8105,1600
8106,5251
8107,77
8108,211
8109,164
8110,164
8111,1691
8112,297
8113,2101
8114,1262
8115,1237
8116,4134
8117,106
8118,12462
8119,41
8120,802
8121,874
8122,34302
8123,3260
8124,1154
8125,639
8126,120
8127,743
8128,99
8129,304
8130,784
8131,705
8132,3678
8133,169
8134,435
8135,1005
8136,412
8137,1620
8138,528
8139,2146
8140,188
8141,84
8142,65
8143,3787
8144,1592
8145,1183
8146,4187
8147,2327
8148,6287
8149,1219
8150,597
8151,2397
8152,1883
8153,2068
8154,4140
8155,216
8156,3214
8157,268
8158,39
8159,4475
8160,1469
8161,2306
8162,3607
8163,2411
8164,231
8165,1763
8166,2126
8167,540
8168,334
8169,2515
8170,69
8171,3070
8172,193
8173,493
8174,4388
8175,859
8176,8
8177,1174
8178,1348
8179,2287
8180,5791
8181,48
8182,2169
8183,3045
8184,3072
8185,623
8186,1339
8187,2093
8188,65
8189,1959
8190,367
8191,896
8192,405
8193,1374
8194,380
8195,821
8196,2300
8197,2235
8198,671
8199,1212
8200,3825
8201,1654
8202,1251
8203,624
8204,1381
8205,2112
8206,189
8207,104
8208,161
8209,290
8210,623
8211,1077
8212,598
8213,326
8214,1210
8215,4500
8216,3010
8217,1387
8218,181
8219,12225
8220,27923
8221,4432
8222,1186
8223,61
8224,1733
8225,1418
8226,17360
8227,4998
8228,1087
8229,2565
8230,2029
8231,1171
8232,1350
8233,2109
8234,251
8235,165
8236,2895
8237,1921
8238,354
8239,3274
8240,1885
8241,6222
8242,458
8243,584
8244,1929
8245,2156
8246,22414
8247,836
8248,902
8249,235
8250,1202
8251,666
8252,2038
8253,4114
8254,668
8255,4844
8256,3442
8257,3358
8258,3264
8259,132
8260,42
8261,42
8262,109
8263,20
8264,3
8265,15
8266,14
8267,26
8268,91
8269,80
8270,32
8271,120
8272,297
8273,17
8274,19
8275,104
8276,22
8277,60
8278,58
8279,370
8280,436
8281,126
8282,2440
8283,56606
8284,214
8285,41
8286,810
8287,158
8288,59
8289,880
8290,1315
8291,2937
8292,164
8293,479
8294,58
8295,1149
8296,300
8297,125
8298,18058
8299,6055
8300,851
8301,71
8302,19170
8303,1483
8304,8344
8305,4417
8306,1272
8307,2592
8308,6
8309,4989
8310,609
8311,67
8312,299
8313,7594
8314,190
8315,1894
8316,8626
8317,5613
8318,120
8319,156
8320,908
8321,1556
8322,613
8323,882
8324,210
8325,4385
8326,643
8327,8887
8328,2371
8329,1214
8330,1875
8331,2516
8332,1999
8333,106
8334,87
8335,2889
8336,1275
8337,8
8338,25159
8339,365
8340,1125
8341,47
8342,1492
8343,60741
8344,1273
8345,1611
8346,1946
8347,412
8348,2326
8349,2907
8350,2453
8351,59
8352,3053
8353,2815
8354,2710
8355,1030
8356,231
8357,573
8358,1878
8359,2053
8360,367
8361,2931
8362,7126
8363,836
8364,16
8365,101
8366,623
8367,2080
8368,640
8369,2318
8370,2143
8371,2289
8372,3207
8373,2977
8374,97
8375,1373
8376,3390
8377,602
8378,194
8379,54
8380,3254
8381,1692
8382,237
8383,120
8384,2603
8385,105
8386,5801
8387,298
8388,1250
8389,7642
8390,933
8391,4097
8392,1220
8393,244
8394,4534
8395,95
8396,250
8397,1466
8398,36
8399,498
8400,1056
8401,1051
8402,2747
8403,1368
8404,881
8405,29
8406,1802
8407,1844
8408,388
8409,439
8410,35
8411,19
8412,688
8413,1367
8414,785
8415,1437
8416,2704
8417,564
8418,1105
8419,73
8420,1434
8421,1021
8422,163
8423,1181
8424,73
8425,6973
8426,12592
8427,1612
8428,8565
8429,2562
8430,8751
8431,1070
8432,620
8433,81
8434,28644
8435,268
8436,1090
8437,44
8438,16
8439,1058
8440,1027
8441,539
8442,1795
8443,268
8444,1
8445,138
8446,5576
8447,35
8448,219
8449,29
8450,2568
8451,67
8452,1076
8453,2741
8454,324
8455,2209
8456,818
8457,1359
8458,2198
8459,919
8460,41
8461,19425
8462,1784
8463,3341
8464,180
8465,2454
8466,228
8467,610
8468,1443
8469,1754
8470,2569
8471,216
8472,898
8473,3758
8474,4176
8475,2047
8476,14
8477,1147
8478,1314
8479,99
8480,158
8481,1321
8482,485
8483,49
8484,1818
8485,924
8486,1413
8487,12890
8488,588
8489,143
8490,912
8491,221
8492,6
8493,67
8494,18
8495,2753
8496,1177
8497,509
8498,8380
8499,555
8500,31151
8501,8926
8502,1875
8503,1540
8504,472
8505,1543
8506,126
8507,720
8508,1727
8509,84
8510,3359
8511,367
8512,1981
8513,310
8514,2142
8515,142
8516,59
8517,4
8518,49
8519,21
8520,8
8521,151
8522,32
8523,38
8524,18
8525,30
8526,26
8527,43
8528,23
8529,2186
8530,333
8531,21771
8532,1343
8533,270
8534,1165
8535,161
8536,158
8537,1527
8538,1006
8539,562
8540,482
8541,36
8542,44
8543,116
8544,26567
8545,4725
8546,32
8547,120
8548,15
8549,35
8550,15
8551,27
8552,340
8553,9
8554,2288
8555,3145
8556,3614
8557,131
8558,5880
8559,303
8560,70
8561,2591
8562,38
8563,3671
8564,377
8565,641
8566,1842
8567,41
8568,81
8569,14
8570,3
8571,9
8572,1553
8573,212
8574,815
8575,161
8576,2618
8577,612
8578,70
8579,2663
8580,2887
8581,25
8582,1589
8583,433
8584,306
8585,281
8586,9411
8587,743
8588,184
8589,58
8590,38
8591,3224
8592,386
8593,430
8594,220
8595,109
8596,1566
8597,171
8598,52
8599,47
8600,121
8601,163
8602,87
8603,449
8604,9
8605,607
8606,496
8607,232802
8608,325448
8609,46
8610,226
8611,881
8612,25
8613,3
8614,68
8615,14
8616,22
8617,22
8618,23
8619,8
8620,24
8621,22
8622,27
8623,9
8624,119
8625,24
8626,7
8627,28
8628,23
8629,5
8630,13
8631,24
8632,22
8633,3
8634,24
8635,5
8636,23
8637,39
8638,33
8639,106
8640,12
8641,26
8642,11
8643,4
8644,29
8645,7
8646,2
8647,5
8648,8
8649,7
8650,14
8651,1777
8652,2127
8653,152
8654,172
8655,177
8656,72
8657,982
8658,14
8659,110
8660,893
8661,36
8662,3619
8663,770
8664,33
8665,281
8666,10
8667,209
8668,464
8669,491
8670,668
8671,204
8672,22
8673,188537
8674,466
8675,244
8676,303
8677,155
8678,131
8679,28
8680,880
8681,299
8682,206
8683,133
8684,258
8685,40
8686,618
8687,64
8688,1661
8689,1082
8690,90
8691,305
8692,366
8693,6844
8694,1001
8695,189
8696,250
8697,183
8698,1209
8699,358
8700,2055
8701,3241
8702,71
8703,469
8704,66
8705,145
8706,110
8707,1534
8708,859
8709,21
8710,105
8711,43
8712,684
8713,288
8714,420
8715,1949
8716,1502
8717,23
8718,2636
8719,32
8720,51
8721,301
8722,19
8723,237
8724,959
8725,135
8726,182
8727,190
8728,29
8729,28
8730,916
8731,2467
8732,32840
8733,622
8734,25
8735,1202
8736,2030
8737,158
8738,49
8739,38
8740,112
8741,12298
8742,159
8743,189
8744,24
8745,68
8746,464
8747,29339
8748,177
8749,43
8750,72
8751,1810
8752,619
8753,136
8754,581
8755,188
8756,398
8757,63
8758,83
8759,75
8760,79
8761,331
8762,35
8763,84
8764,2
8765,1650
8766,367
8767,15
8768,54
8769,54
8770,10
8771,2900
8772,482
8773,855
8774,38
8775,8
8776,74
8777,124
8778,22
8779,237
8780,261
8781,1420
8782,10
8783,601
8784,2361
8785,938
8786,267
8787,31
8788,238
8789,248
8790,129
8791,1794
8792,47
8793,328
8794,1430
8795,40
8796,104
8797,34
8798,115
8799,34
8800,1743
8801,18
8802,2810
8803,57
8804,10428
8805,91
8806,296
8807,35
8808,480
8809,655
8810,2636
8811,70
8812,39
8813,608
8814,57
8815,37
8816,9
8817,45
8818,7
8819,18
8820,1
8821,901
8822,2982
8823,74
8824,37
8825,610
8826,128
8827,4
8828,399
8829,1872
8830,130
8831,231
8832,276
8833,139
8834,85
8835,586
8836,15
8837,515
8838,2275
8839,12649
8840,1742
8841,29
8842,282
8843,601
8844,2828
8845,921
8846,495
8847,1550
8848,2880
8849,27
8850,141
8851,1534
8852,241
8853,218
8854,240
8855,434
8856,279
8857,530
8858,3
8859,3
8860,37
8861,305
8862,210
8863,114
8864,2567
8865,599
8866,561
8867,2015
8868,35
8869,668
8870,267
8871,477
8872,751
8873,289
8874,314
8875,7
8876,11
8877,5
8878,34
8879,12
8880,15
8881,3408
8882,2361
8883,2157
8884,1165
8885,3055
8886,1433
8887,1755
8888,110
8889,862
8890,2165
8891,6753
8892,108
8893,283
8894,2285
8895,560
8896,199
8897,30510
8898,143
8899,795
8900,256
8901,227
8902,215
8903,68
8904,2706
8905,3246
8906,16421
8907,2309
8908,1347
8909,1101
8910,2337
8911,1027
8912,3879
8913,2838
8914,1118
8915,7565
8916,183
8917,151
8918,2336
8919,32
8920,1212
8921,31254
8922,119
8923,9373
8924,591
8925,1499
8926,336
8927,1231
8928,775
8929,12689
8930,2818
8931,2510
8932,26
8933,2009
8934,4596
8935,1767
8936,1841
8937,1472
8938,915
8939,20785
8940,446
8941,2530
8942,3263
8943,3770
8944,123
8945,523
8946,254
8947,26
8948,30
8949,23
8950,18
8951,71
8952,45
8953,3403
8954,939
8955,618
8956,287
8957,1009
8958,599
8959,2452
8960,572
8961,584
8962,64
8963,300
8964,2160
8965,77
8966,1001
8967,441
8968,55
8969,371
8970,2175
8971,1374
8972,34
8973,14
8974,3
8975,285
8976,51
8977,2
8978,1944
8979,3160
8980,97
8981,2131
8982,68
8983,48
8984,3374
8985,143
8986,1608
8987,754
8988,309
8989,594
8990,118
8991,575
8992,54
8993,221
8994,255
8995,222
8996,264
8997,116
8998,138
8999,617
9000,55
9001,47
9002,16
9003,88
9004,46
9005,2404
9006,225283
9007,715
9008,1748
9009,1864
9010,1181
9011,128
9012,237
9013,1292
9014,72
9015,128
9016,503
9017,1323
9018,28
9019,2012
9020,310
9021,62
9022,165
9023,2532
9024,300
9025,1647
9026,26
9027,2907
9028,96
9029,2380
9030,1012
9031,34
9032,14
9033,32
9034,206
9035,184
9036,3319
9037,1283
9038,264
9039,44
9040,525
9041,122
9042,624
9043,363
9044,92
9045,118
9046,2251
9047,1086
9048,730
9049,202
9050,563
9051,43
9052,34
9053,213
9054,16
9055,25
9056,24
9057,24
9058,167
9059,3511
9060,203
9061,382
9062,163
9063,82
9064,67
9065,15
9066,301
9067,978
9068,15
9069,352
9070,294
9071,52
9072,403
9073,34
9074,575
9075,170
9076,162
9077,387
9078,56
9079,560
9080,20
9081,771
9082,22
9083,1707
9084,1713
9085,115
9086,1895
9087,1950
9088,549
9089,15
9090,1621
9091,371
9092,109
9093,200
9094,1981
9095,205
9096,2413
9097,34362
9098,800
9099,77
9100,1698
9101,1894
9102,661
9103,184
9104,456
9105,98
9106,13368
9107,614
9108,112
9109,275
9110,1812
9111,42
9112,4735
9113,22539
9114,46
9115,7
9116,16
9117,8
9118,1689
9119,27
9120,47
9121,134
9122,1513
9123,1644
9124,9378
9125,61
9126,1233
9127,226
9128,1893
9129,384
9130,477
9131,117
9132,346
9133,138
9134,61
9135,1050
9136,2062
9137,455
9138,1766
9139,1893
9140,277
9141,192
9142,203
9143,205
9144,442
9145,1531
9146,3089
9147,3375
9148,1198
9149,2603
9150,8265
9151,133
9152,3011
9153,591
9154,658
9155,310
9156,2751
9157,1737
9158,97
9159,1003
9160,168
9161,1619
9162,87
9163,1103
9164,2757
9165,676
9166,1086
9167,2742
9168,17
9169,45
9170,49
9171,455
9172,188
9173,253
9174,495
9175,1075
9176,226
9177,216
9178,1007
9179,3491
9180,4637
9181,1472
9182,2582
9183,408
9184,4579
9185,1183
9186,2457
9187,2154
9188,447
9189,2058
9190,167
9191,752
9192,2677
9193,852
9194,1870
9195,949
9196,1157
9197,1465
9198,2489
9199,5836
9200,1607
9201,521
9202,4318
9203,7074
9204,2019
9205,1104
9206,29549
9207,329
9208,46
9209,204
9210,136
9211,1117
9212,1654
9213,881
9214,3057
9215,1126
9216,546
9217,190
9218,13270
9219,106
9220,37
9221,39
9222,2458
9223,15646
9224,659
9225,268
9226,3150
9227,793
9228,245
9229,1149
9230,30
9231,9684
9232,775
9233,171
9234,5390
9235,2836
9236,1215
9237,627
9238,1634
9239,244
9240,340
9241,176
9242,199
9243,893
9244,4779
9245,2070
9246,2851
9247,1512
9248,2744
9249,2025
9250,1168
9251,31859
9252,223
9253,810
9254,58
9255,869
9256,631
9257,2834
9258,630
9259,198
9260,287
9261,377
9262,5158
9263,3173
9264,891
9265,6920
9266,320
9267,3611
9268,14
9269,29
9270,9
9271,2574
9272,353
9273,428
9274,43
9275,671
9276,2542
9277,475
9278,1801
9279,1307
9280,109
9281,41
9282,961
9283,2474
9284,3868
9285,566
9286,16605
9287,3268
9288,1939
9289,608
9290,1251
9291,3214
9292,366
9293,912
9294,1388
9295,1720
9296,303
9297,3543
9298,317
9299,1347
9300,1402
9301,48
9302,23
9303,34
9304,2
9305,40
9306,1220
9307,2700
9308,285
9309,2291
9310,498
9311,2264
9312,1842
9313,772
9314,728
9315,880
9316,1262
9317,259
9318,6351
9319,824
9320,1365
9321,1349
9322,1260
9323,220
9324,1139
9325,4831
9326,1974
9327,185
9328,1085
9329,1212
9330,933
9331,1806
9332,2093
9333,30059
9334,1472
9335,803
9336,569
9337,2029
9338,4123
9339,2041
9340,604
9341,331
9342,4228
9343,803
9344,542
9345,652
9346,279
9347,21332
9348,1349
9349,2592
9350,620
9351,258
9352,221
9353,32115
9354,594
9355,3435
9356,1277
9357,4579
9358,1502
9359,4432
9360,3255
9361,2703
9362,18826
9363,280
9364,750
9365,1269
9366,856
9367,2425
9368,4216
9369,1448
9370,4165
9371,30851
9372,908
9373,2945
9374,2246
9375,225
9376,3005
9377,2227
9378,633
9379,722
9380,1205
9381,261
9382,1459
9383,858
9384,174
9385,28824
9386,5424
9387,496
9388,2361
9389,511
9390,180
9391,2277
9392,1985
9393,2152
9394,248
9395,1817
9396,16680
9397,2228
9398,9974
9399,2596
9400,10
9401,323
9402,6354
9403,3529
9404,1436
9405,603
9406,817
9407,3468
9408,232
9409,489
9410,4089
9411,25
9412,259
9413,2599
9414,3173
9415,2679
9416,1571
9417,3259
9418,79
9419,15396
9420,356
9421,1196
9422,1056
9423,116
9424,380
9425,3191
9426,2864
9427,289
9428,21
9429,632
9430,1041
9431,704
9432,61
9433,7618
9434,3142
9435,2798
9436,1524
9437,3445
9438,4060
9439,1866
9440,3195
9441,1
9442,19
9443,4662
9444,2085
9445,1020
9446,2191
9447,904
9448,1400
9449,495
9450,3209
9451,34079
9452,11804
9453,464
9454,2098
9455,1979
9456,1533
9457,36
9458,137
9459,8873
9460,462
9461,4829
9462,178
9463,1409
9464,3303
9465,3568
9466,4225
9467,439
9468,5655
9469,470
9470,220
9471,574
9472,726
9473,489
9474,15217
9475,495
9476,2282
9477,1131
9478,356
9479,6937
9480,126
9481,3402
9482,11512
9483,62
9484,1987
9485,1923
9486,13451
9487,592
9488,1612
9489,494
9490,5613
9491,2909
9492,708
9493,14
9494,30318
9495,235
9496,1171
9497,3010
9498,2184
9499,106
9500,718
9501,105
9502,89
9503,1241
9504,2321
9505,3525
9506,2778
9507,1680
9508,1080
9509,1240
9510,8918
9511,233
9512,690
9513,827
9514,508
9515,2133
9516,3116
9517,3148
9518,2109
9519,128
9520,3329
9521,2650
9522,13861
9523,271
9524,2243
9525,68
9526,3030
9527,3252
9528,415
9529,1188
9530,1932
9531,27
9532,1210
9533,1976
9534,382
9535,2269
9536,632
9537,782
9538,970
9539,6773
9540,2542
9541,633
9542,1546
9543,691
9544,409
9545,2110
9546,3343
9547,2155
9548,1466
9549,639
9550,1339
9551,1117
9552,1028
9553,3927
9554,110
9555,21
9556,4038
9557,303
9558,79
9559,360
9560,1063
9561,3533
9562,1525
9563,1673
9564,446
9565,563
9566,3289
9567,3408
9568,623
9569,1782
9570,1462
9571,279
9572,4164
9573,17
9574,10951
9575,142
9576,22
9577,1
9578,2113
9579,1608
9580,8894
9581,181
9582,228
9583,227
9584,10225
9585,3803
9586,10615
9587,1817
9588,44671
9589,622
9590,4604
9591,2847
9592,281
9593,3401
9594,2410
9595,731
9596,1081
9597,2236
9598,138
9599,1845
9600,80
9601,559
9602,1680
9603,4015
9604,4077
9605,182
9606,1218
9607,2741
9608,1410
9609,2006
9610,335
9611,1699
9612,1776
9613,2443
9614,2057
9615,14
9616,1351
9617,4980
9618,1117
9619,235
9620,943
9621,69
9622,210
9623,1551
9624,2
9625,227
9626,684
9627,187
9628,3344
9629,250
9630,4386
9631,18166
9632,3767
9633,2980
9634,2780
9635,32678
9636,31
9637,2819
9638,1195
9639,1330
9640,472
9641,3059
9642,362
9643,10460
9644,1318
9645,18716
9646,2289
9647,294
9648,758
9649,3562
9650,1042
9651,16902
9652,4463
9653,1685
9654,3467
9655,2553
9656,100
9657,2
9658,3116
9659,473
9660,3769
9661,2060
9662,622
9663,968
9664,3081
9665,789
9666,2285
9667,620
9668,1308
9669,1821
9670,1765
9671,3060
9672,889
9673,3403
9674,1320
9675,249
9676,946
9677,5190
9678,708
9679,1222
9680,7574
9681,2154
9682,317
9683,56
9684,225
9685,30415
9686,45
9687,1077
9688,2737
9689,10205
9690,5030
9691,2600
9692,145
9693,126
9694,358
9695,3724
9696,2260
9697,362
9698,4588
9699,1469
9700,3475
9701,3644
9702,16501
9703,226
9704,4024
9705,2846
9706,1455
9707,4829
9708,542
9709,29
9710,17
9711,154
9712,316
9713,18257
9714,2036
9715,2673
9716,476
9717,2577
9718,995
9719,1031
9720,1809
9721,288
9722,3058
9723,615
9724,31040
9725,3138
9726,484
9727,37
9728,1237
9729,29
9730,1174
9731,130
9732,890
9733,3936
9734,2163
9735,1152
9736,841
9737,1690
9738,309
9739,1673
9740,2115
9741,25
9742,33249
9743,1372
9744,2918
9745,149
9746,1297
9747,115
9748,2030
9749,2706
9750,400
9751,2148
9752,6180
9753,1255
9754,13384
9755,1153
9756,2046
9757,4730
9758,38
9759,4278
9760,627
9761,615
9762,2195
9763,2209
9764,19985
9765,320
9766,1333
9767,3205
9768,1480
9769,99
9770,61364
9771,3296
9772,2053
9773,1921
9774,899
9775,391
9776,15394
9777,1359
9778,2093
9779,126
9780,3965
9781,269
9782,1375
9783,124
9784,184
9785,2841
9786,33
9787,386
9788,1465
9789,2692
9790,2565
9791,149
9792,2981
9793,563
9794,1633
9795,960
9796,401
9797,769
9798,14875
9799,1662
9800,4369
9801,1096
9802,560
9803,889
9804,533
9805,159
9806,955
9807,109
9808,975
9809,4658
9810,2677
9811,612
9812,299
9813,3474
9814,2533
9815,53
9816,848
9817,246
9818,2043
9819,925
9820,1105
9821,2296
9822,2159
9823,214
9824,1808
9825,2702
9826,2029
9827,2670
9828,30924
9829,4130
9830,1784
9831,1656
9832,2208
9833,88
9834,2658
9835,2774
9836,2500
9837,3218
9838,331
9839,3729
9840,104
9841,216
9842,4243
9843,318
9844,22296
9845,1755
9846,16938
9847,1876
9848,304
9849,976
9850,126
9851,1304
9852,1123
9853,174
9854,443
9855,251
9856,1264
9857,1830
9858,44
9859,1796
9860,1178
9861,10358
9862,1432
9863,1539
9864,10392
9865,1361
9866,133
9867,144
9868,1116
9869,3734
9870,2070
9871,136
9872,782
9873,613
9874,4684
9875,1914
9876,469
9877,4431
9878,624
9879,1433
9880,14
9881,259
9882,2890
9883,2761
9884,1935
9885,1686
9886,622
9887,1408
9888,3216
9889,672
9890,702
9891,31374
9892,686
9893,2128
9894,5025
9895,1627
9896,996
9897,2403
9898,3699
9899,2537
9900,1783
9901,4625
9902,1430
9903,2759
9904,9225
9905,1329
9906,1468
9907,2827
9908,30
9909,321
9910,904
9911,403
9912,2243
9913,2427
9914,686
9915,3968
9916,3312
9917,1667
9918,1430
9919,410
9920,2242
9921,1206
9922,4209
9923,521
9924,1088
9925,1938
9926,1835
9927,1011
9928,281
9929,32593
9930,17
9931,1864
9932,10657
9933,1725
9934,1086
9935,918
9936,294
9937,684
9938,65
9939,948
9940,504
9941,1979
9942,2153
9943,19097
9944,2772
9945,1965
9946,2120
9947,25128
9948,1990
9949,18
9950,618
9951,107
9952,61
9953,306
9954,40810
9955,16420
9956,1789
9957,4420
9958,363
9959,70
9960,184
9961,314
9962,504
9963,2556
9964,381
9965,1645
9966,710
9967,1871
9968,200
9969,2135
9970,359
9971,68
9972,596
9973,1114
9974,1930
9975,236
9976,744
9977,5582
9978,20307
9979,56685
9980,527
9981,115
9982,2755
9983,32385
9984,1657
9985,3396
9986,1313
9987,37
9988,89
9989,677
9990,552
9991,2738
9992,2461
9993,756
9994,134
9995,635
9996,6765
9997,38
9998,522
9999,2309
10000,1573
10001,570
10002,309
10003,251
10004,493
10005,8964
10006,62
10007,974
10008,727
10009,5334
10010,5784
10011,83
10012,37
10013,544
10014,9025
10015,457
10016,2325
10017,1424
10018,225
10019,271
10020,458
10021,1675
10022,2435
10023,5382
10024,3087
10025,1981
10026,122
10027,3843
10028,24
10029,1318
10030,35180
10031,1305
10032,2745
10033,213
10034,1077
10035,1051
10036,983
10037,2879
10038,2938
10039,3978
10040,1423
10041,245
10042,2051
10043,52
10044,150
10045,258
10046,620
10047,5421
10048,706
10049,1019
10050,355
10051,2780
10052,2910
10053,2629
10054,1627
10055,893
10056,55
10057,1422
10058,1169
10059,917
10060,21179
10061,1509
10062,21
10063,3911
10064,162
10065,2176
10066,112
10067,9776
10068,235
10069,1540
10070,1813
10071,2966
10072,100
10073,2136
10074,1208
10075,1754
10076,223
10077,955
10078,1795
10079,2994
10080,414
10081,356
10082,640
10083,457
10084,845
10085,30468
10086,2733
10087,118
10088,1665
10089,32
10090,826
10091,2453
10092,82
10093,637
10094,134
10095,833
10096,3493
10097,5589
10098,1440
10099,260
10100,19550
10101,44
10102,594
10103,65
10104,691
10105,17
10106,154
10107,154
10108,2064
10109,4215
10110,37
10111,576
10112,74
10113,968
10114,9900
10115,197
10116,29296
10117,1728
10118,2557
10119,1236
10120,639
10121,62
10122,310
10123,698
10124,5058
10125,38382
10126,528
10127,1092
10128,603
10129,1577
10130,7034
10131,4179
10132,9481
10133,1096
10134,252
10135,311
10136,46
10137,18431
10138,41
10139,157
10140,930
10141,289
10142,1919
10143,1261
10144,16463
10145,12
10146,1262
10147,3343
10148,5791
10149,984
10150,766
10151,1951
10152,337
10153,2400
10154,1358
10155,2252
10156,656
10157,2609
10158,1947
10159,295
10160,126
10161,617
10162,3476
10163,693
10164,477
10165,443
10166,1714
10167,2363
10168,1281
10169,1593
10170,136
10171,18
10172,1311
10173,569
10174,3229
10175,1732
10176,84
10177,870
10178,643
10179,311
10180,752
10181,4325
10182,2155
10183,116
10184,3030
10185,296
10186,47
10187,949
10188,670
10189,85
10190,775
10191,1963
10192,580
10193,2446
10194,2510
10195,548
10196,376
10197,307
10198,2366
10199,1240
10200,197
10201,1719
10202,386
10203,73
10204,515
10205,10576
10206,577
10207,6728
10208,290
10209,7119
10210,985
10211,1257
10212,813
10213,65
10214,311
10215,1388
10216,27578
10217,29608
10218,523
10219,1738
10220,72
10221,478
10222,462
10223,835
10224,120
10225,2427
10226,2369
10227,110
10228,153
10229,341
10230,5384
10231,14
10232,2259
10233,49
10234,174
10235,2320
10236,6852
10237,743
10238,788
10239,174
10240,1396
10241,857
10242,403
10243,28
10244,1253
10245,618
10246,51
10247,8
10248,18
10249,16
10250,14
10251,2
10252,3
10253,15
10254,9
10255,1085
10256,130
10257,650
10258,59370
10259,7115
10260,9845
10261,2711
10262,63002
10263,42
10264,99
10265,3021
10266,2367
10267,286
10268,45
10269,499
10270,357
10271,724
10272,1577
10273,2059
10274,2235
10275,368
10276,271
10277,315
10278,641
10279,285
10280,606
10281,40
10282,2309
10283,75223
10284,2348
10285,563
10286,1604
10287,482
10288,3087
10289,912
10290,8
10291,16747
10292,838
10293,170
10294,1337
10295,667
10296,1194
10297,1352
10298,176
10299,69
10300,8
10301,1014
10302,670
10303,6202
10304,343
10305,1215
10306,203
10307,175
10308,131
10309,29
10310,7417
10311,368
10312,52
10313,1233
10314,4243
10315,31
10316,692
10317,958
10318,1960
10319,31
10320,9
10321,849
10322,114
10323,1626
10324,210
10325,138
10326,1402
10327,144
10328,1338
10329,30
10330,183
10331,377
10332,86
10333,94
10334,512
10335,1557
10336,185
10337,195
10338,529
10339,587
10340,741
10341,527
10342,89
10343,3940
10344,81
10345,85
10346,700
10347,32747
10348,5608
10349,2856
10350,27
10351,69
10352,684
10353,2920
10354,391
10355,15797
10356,299
10357,179
10358,155
10359,560
10360,46
10361,43
10362,55
10363,74
10364,163
10365,250
10366,43
10367,664
10368,929
10369,55951
10370,23
10371,110
10372,29
10373,832
10374,1135
10375,278
10376,1126
10377,2727
10378,141
10379,73
10380,113
10381,198
10382,273
10383,3216
10384,590
10385,425
10386,40
10387,365
10388,1698
10389,800
10390,395
10391,407
10392,182
10393,63
10394,143
10395,14
10396,1314
10397,443
10398,822
10399,101
10400,4354
10401,5
10402,3
10403,31
10404,17
10405,17
10406,29
10407,1390
10408,28
10409,29
10410,51
10411,14
10412,27
10413,67
10414,19
10415,51
10416,33
10417,22
10418,9
10419,28
10420,488
10421,361
10422,406
10423,5274
10424,57
10425,43
10426,40
10427,504
10428,215
10429,226
10430,431
10431,927
10432,286
10433,38
10434,121
10435,57
10436,40
10437,122
10438,252
10439,830
10440,58
10441,402
10442,267
10443,662
10444,398
10445,89
10446,145
10447,173
10448,453
10449,6319
10450,1119
10451,42
10452,5
10453,15
10454,115
10455,36
10456,103
10457,1790
10458,104
10459,114
10460,133
10461,60
10462,909
10463,4254
10464,45
10465,341
10466,2
10467,362
10468,7
10469,133
10470,54
10471,77
10472,157
10473,1568
10474,337
10475,1485
10476,192
10477,1139
10478,37
10479,45
10480,9770
10481,442
10482,275
10483,2165
10484,2899
10485,724
10486,864
10487,2367
10488,6441
10489,3316
10490,3588
10491,3122
10492,2512
10493,1014
10494,167
10495,1231
10496,1373
10497,1712
10498,524
10499,37
10500,10
10501,10
10502,24
10503,2075
10504,2109
10505,3103
10506,227
10507,144
10508,77
10509,57
10510,9806
10511,8466
10512,1081
10513,1291
10514,2878
10515,158
10516,1515
10517,5755
10518,894
10519,14761
10520,453
10521,1616
10522,2331
10523,714
10524,271
10525,202
10526,532
10527,3201
10528,1291
10529,789
10530,11786
10531,1530
10532,1962
10533,54
10534,547
10535,3099
10536,35373
10537,44
10538,1301
10539,3036
10540,6773
10541,135
10542,7781
10543,6062
10544,2300
10545,2368
10546,14
10547,84
10548,28
10549,391
10550,267
10551,46
10552,13
10553,10
10554,7
10555,76
10556,4725
10557,171
10558,55
10559,144
10560,1074
10561,261
10562,325
10563,3476
10564,57
10565,11095
10566,167
10567,939
10568,968
10569,2109
10570,1992
10571,391
10572,594
10573,680
10574,62
10575,58767
10576,729
10577,1858
10578,3550
10579,1490
10580,182
10581,2969
10582,61
10583,912
10584,1300
10585,2307
10586,1943
10587,44
10588,1809
10589,3062
10590,550
10591,928
10592,3747
10593,4756
10594,61
10595,1037
10596,136
10597,2093
10598,152
10599,933
10600,51
10601,50
10602,708
10603,546
10604,358
10605,630
10606,152
10607,200
10608,1366
10609,798
10610,4135
10611,257
10612,407
10613,180
10614,161
10615,1
10616,39
10617,19
10618,5778
10619,61
