,num_sessions
0,1
1,12
2,62
3,1
4,3
5,5
6,5
7,56
8,6
9,119
10,2
11,23
12,2
13,62
14,81
15,17
16,10
17,80
18,115
19,15
20,4
21,74
22,112
23,31
24,71
25,9
26,1
27,1
28,3
29,4
30,16
31,3
32,48
33,30
34,5
35,118
36,1
37,59
38,42
39,24
40,89
41,24
42,97
43,3
44,51
45,9
46,14
47,14
48,1
49,1
50,19
51,61
52,1
53,1
54,21
55,1
56,64
57,5
58,16
59,103
60,10
61,8
62,5
63,2
64,11
65,106
66,44
67,5
68,4
69,15
70,14
71,1
72,1
73,1
74,42
75,101
76,13
77,21
78,2
79,2
80,2
81,13
82,72
83,4
84,7
85,8
86,101
87,18
88,18
89,3
90,2
91,57
92,11
93,37
94,1
95,5
96,6
97,14
98,10
99,18
100,3
101,19
102,20
103,130
104,97
105,101
106,34
107,98
108,5
109,21
110,3
111,1
112,5
113,1
114,1
115,59
116,57
117,7
118,1
119,1
120,101
121,1
122,51
123,1
124,117
125,2
126,50
127,5
128,3
129,80
130,61
131,83
132,9
133,76
134,1
135,1
136,1
137,3
138,2
139,17
140,6
141,68
142,3
143,35
144,45
145,20
146,2
147,4
148,9
149,136
150,69
151,9
152,96
153,7
154,6
155,7
156,2
157,113
158,2
159,21
160,3
161,13
162,9
163,97
164,39
165,11
166,72
167,17
168,1
169,21
170,54
171,54
172,39
173,71
174,14
175,6
176,33
177,20
178,8
179,28
180,52
181,88
182,3
183,19
184,15
185,1
186,14
187,4
188,6
189,1
190,4
191,1
192,6
193,3
194,4
195,5
196,12
197,20
198,14
199,4
200,2
201,33
202,9
203,2
204,73
205,2
206,100
207,1
208,2
209,17
210,46
211,9
212,24
213,3
214,76
215,25
216,17
217,2
218,2
219,2
220,1
221,4
222,4
223,28
224,23
225,31
226,4
227,11
228,8
229,2
230,2
231,1
232,103
233,22
234,9
235,10
236,4
237,8
238,60
239,7
240,6
241,5
242,52
243,7
244,3
245,106
246,14
247,13
248,7
249,128
250,21
251,3
252,2
253,7
254,116
255,2
256,19
257,138
258,199
259,8
260,3
261,164
262,4
263,49
264,85
265,3
266,2
267,128
268,1
269,2
270,92
271,1
272,58
273,2
274,16
275,1
276,2
277,7
278,1
279,106
280,8
281,2
282,1
283,3
284,13
285,148
286,1
287,1
288,3
289,1
290,8
291,1
292,5
293,1
294,1
295,1
296,1
297,1
298,1
299,58
300,1
301,2
302,2
303,10
304,81
305,1
306,50
307,1
308,5
309,12
310,3
311,31
312,1
313,2
314,10
315,44
316,5
317,17
318,8
319,1
320,13
321,1
322,56
323,8
324,18
325,98
326,2
327,2
328,2
329,14
330,78
331,3
332,24
333,8
334,1
335,102
336,1
337,6
338,1
339,7
340,2
341,7
342,24
343,61
344,7
345,2
346,31
347,12
348,47
349,1
350,3
351,15
352,12
353,1
354,6
355,2
356,2
357,95
358,2
359,1
360,3
361,1
362,41
363,6
364,9
365,1
366,6
367,6
368,32
369,96
370,34
371,1
372,20
373,2
374,1
375,1
376,1
377,2
378,93
379,72
380,91
381,15
382,6
383,2
384,1
385,3
386,142
387,5
388,7
389,9
390,10
391,5
392,5
393,1
394,96
395,2
396,12
397,5
398,2
399,7
400,20
401,56
402,2
403,1
404,1
405,38
406,1
407,1
408,1
409,69
410,83
411,2
412,3
413,5
414,5
415,4
416,42
417,5
418,50
419,1
420,31
421,11
422,13
423,112
424,25
425,20
426,111
427,4
428,19
429,6
430,1
431,1
432,3
433,164
434,7
435,9
436,1
437,19
438,1
439,10
440,56
441,126
442,77
443,86
444,2
445,89
446,13
447,65
448,4
449,82
450,171
451,120
452,66
453,14
454,5
455,2
456,78
457,66
458,1
459,30
460,3
461,107
462,18
463,70
464,3
465,2
466,5
467,12
468,84
469,4
470,57
471,113
472,9
473,27
474,18
475,28
476,23
477,68
478,22
479,1
480,2
481,1
482,1
483,218
484,1
485,1
486,25
487,3
488,1
489,4
490,117
491,5
492,4
493,2
494,1
495,1
496,7
497,14
498,47
499,13
500,14
501,2
502,1
503,1
504,80
505,11
506,2
507,25
508,116
509,5
510,3
511,1
512,1
513,75
514,27
515,6
516,15
517,27
518,301
519,9
520,14
521,30
522,13
523,2
524,3
525,7
526,133
527,5
528,2
529,1
530,2
531,1
532,2
533,2
534,6
535,1
536,1
537,8
538,2
539,58
540,19
541,87
542,7
543,52
544,13
545,5
546,5
547,80
548,1
549,6
550,2
551,14
552,116
553,11
554,3
555,151
556,18
557,10
558,3
559,2
560,3
561,13
562,14
563,1
564,12
565,43
566,8
567,23
568,1
569,9
570,7
571,1
572,1
573,1
574,1
575,12
576,2
577,42
578,3
579,11
580,5
581,75
582,5
583,3
584,3
585,1
586,1
587,5
588,2
589,59
590,1
591,4
592,18
593,11
594,7
595,61
596,45
597,1
598,75
599,4
600,11
601,20
602,3
603,1
604,6
605,83
606,127
607,1
608,2
609,129
610,73
611,2
612,63
613,60
614,8
615,27
616,1
617,10
618,2
619,33
620,1
621,3
622,15
623,107
624,3
625,5
626,1
627,1
628,1
629,1
630,43
631,77
632,65
633,55
634,8
635,12
636,3
637,1
638,1
639,1
640,79
641,175
642,5
643,13
644,3
645,5
646,50
647,3
648,1
649,1
650,90
651,3
652,5
653,89
654,5
655,1
656,2
657,5
658,1
659,65
660,48
661,12
662,1
663,5
664,16
665,3
666,9
667,9
668,1
669,6
670,1
671,1
672,291
673,2
674,1
675,3
676,1
677,79
678,21
679,2
680,108
681,5
682,1
683,1
684,7
685,1
686,2
687,3
688,1
689,124
690,61
691,1
692,1
693,39
694,16
695,3
696,4
697,1
698,1
699,26
700,1
701,2
702,55
703,10
704,164
705,456
706,11
707,18
708,3
709,2
710,53
711,2
712,2
713,12
714,11
715,1
716,1
717,100
718,1
719,29
720,36
721,5
722,1
723,59
724,57
725,1
726,8
727,69
728,1
729,60
730,2
731,4
732,40
733,14
734,1
735,5
736,9
737,1
738,1
739,1
740,1
741,145
742,7
743,1
744,6
745,1
746,4
747,1
748,2
749,1
750,7
751,3
752,2
753,1
754,52
755,1
756,114
757,2
758,2
759,35
760,1
761,4
762,5
763,103
764,2
765,54
766,84
767,11
768,30
769,55
770,3
771,5
772,5
773,1
774,15
775,67
776,105
777,3
778,8
779,10
780,12
781,1
782,1
783,22
784,4
785,1
786,3
787,7
788,29
789,2
790,6
791,4
792,1
793,1
794,1
795,1
796,3
797,70
798,33
799,11
800,109
801,1
802,2
803,2
804,1
805,3
806,1
807,16
808,1
809,2
810,2
811,5
812,88
813,4
814,2
815,1
816,3
817,6
818,10
819,62
820,2
821,2
822,5
823,2
824,1
825,7
826,196
827,111
828,12
829,3
830,1
831,2
832,4
833,22
834,2
835,1
836,4
837,1
838,2
839,18
840,10
841,5
842,4
843,25
844,36
845,1
846,2
847,129
848,2
849,4
850,12
851,3
852,34
853,68
854,5
855,2
856,23
857,78
858,3
859,19
860,6
861,46
862,2
863,1
864,1
865,1
866,1
867,2
868,3
869,1
870,50
871,68
872,1
873,1
874,86
875,3
876,7
877,2
878,21
879,4
880,111
881,22
882,178
883,3
884,8
885,1
886,4
887,3
888,81
889,43
890,1
891,1
892,1
893,9
894,8
895,87
896,1
897,109
898,1
899,3
900,4
901,6
902,3
903,4
904,2
905,118
906,6
907,1
908,2
909,120
910,1
911,1
912,5
913,8
914,6
915,2
916,7
917,9
918,8
919,6
920,10
921,6
922,6
923,7
924,9
925,8
926,5
927,5
928,1
929,2
930,159
931,1
932,1
933,118
934,1
935,2
936,1
937,3
938,69
939,2
940,15
941,87
942,2
943,6
944,84
945,7
946,9
947,1
948,15
949,155
950,3
951,19
952,109
953,1
954,19
955,1
956,1
957,14
958,3
959,1
960,2
961,2
962,16
963,125
964,3
965,10
966,2
967,3
968,9
969,1
970,7
971,3
972,40
973,2
974,4
975,4
976,4
977,81
978,4
979,1
980,30
981,1
982,3
983,12
984,1
985,1
986,108
987,1
988,5
989,1
990,2
991,7
992,7
993,1
994,10
995,6
996,5
997,27
998,131
999,1
1000,5
1001,1
1002,82
1003,51
1004,1
1005,15
1006,13
1007,1
1008,24
1009,1
1010,99
1011,3
1012,1
1013,1
1014,2
1015,48
1016,3
1017,1
1018,50
1019,2
1020,4
1021,1
1022,64
1023,8
1024,2
1025,11
1026,18
1027,1
1028,1
1029,1
1030,1
1031,1
1032,1
1033,3
1034,7
1035,3
1036,167
1037,9
1038,8
1039,6
1040,2
1041,1
1042,2
1043,47
1044,9
1045,2
1046,2
1047,116
1048,8
1049,1
1050,1
1051,8
1052,58
1053,7
1054,8
1055,1
1056,1
1057,3
1058,4
1059,15
1060,11
1061,56
1062,13
1063,4
1064,91
1065,4
1066,35
1067,3
1068,1
1069,1
1070,1
1071,99
1072,1
1073,13
1074,11
1075,15
1076,10
1077,1
1078,4
1079,3
1080,33
1081,57
1082,99
1083,27
1084,23
1085,11
1086,16
1087,2
1088,5
1089,2
1090,11
1091,5
1092,1
1093,1
1094,1
1095,98
1096,4
1097,2
1098,105
1099,1
1100,1
1101,2
1102,2
1103,2
1104,21
1105,1
1106,2
1107,1
1108,95
1109,23
1110,1
1111,5
1112,1
1113,22
1114,2
1115,19
1116,1
1117,9
1118,7
1119,6
1120,45
1121,48
1122,1
1123,1
1124,85
1125,255
1126,49
1127,2
1128,1
1129,1
1130,90
1131,74
1132,1
1133,1
1134,45
1135,16
1136,11
1137,3
1138,5
1139,1
1140,59
1141,2
1142,31
1143,1
1144,17
1145,6
1146,57
1147,1
1148,3
1149,7
1150,2
1151,20
1152,3
1153,1
1154,1
1155,2
1156,2
1157,2
1158,6
1159,1
1160,126
1161,3
1162,54
1163,7
1164,1
1165,91
1166,1
1167,1
1168,9
1169,31
1170,1
1171,1
1172,10
1173,77
1174,3
1175,45
1176,2
1177,7
1178,2
1179,34
1180,2
1181,1
1182,118
1183,3
1184,4
1185,4
1186,3
1187,1
1188,174
1189,1
1190,1
1191,1
1192,1
1193,250
1194,4
1195,1
1196,2
1197,1
1198,157
1199,41
1200,1
1201,82
1202,1
1203,2
1204,9
1205,1
1206,25
1207,1
1208,114
1209,7
1210,3
1211,53
1212,1
1213,6
1214,2
1215,1
1216,1
1217,5
1218,1
1219,2
1220,2
1221,2
1222,126
1223,70
1224,1
1225,1
1226,117
1227,14
1228,3
1229,1
1230,17
1231,2
1232,4
1233,2
1234,38
1235,89
1236,1
1237,1
1238,1
1239,41
1240,49
1241,4
1242,2
1243,1
1244,2
1245,72
1246,1
1247,1
1248,85
1249,1
1250,1
1251,1
1252,239
1253,1
1254,1
1255,2
1256,1
1257,1
1258,1
1259,93
1260,3
1261,13
1262,1
1263,46
1264,8
1265,1
1266,68
1267,6
1268,2
1269,1
1270,1
1271,42
1272,1
1273,4
1274,1
1275,86
1276,15
1277,18
1278,58
1279,4
1280,141
1281,2
1282,1
1283,2
1284,1
1285,20
1286,18
1287,1
1288,75
1289,1
1290,17
1291,92
1292,6
1293,3
1294,2
1295,3
1296,71
1297,137
1298,3
1299,1
1300,5
1301,15
1302,102
1303,5
1304,10
1305,1
1306,7
1307,77
1308,53
1309,1
1310,87
1311,1
1312,1
1313,20
1314,107
1315,4
1316,1
1317,3
1318,8
1319,2
1320,1
1321,2
1322,143
1323,19
1324,1
1325,95
1326,6
1327,72
1328,2
1329,1
1330,3
1331,2
1332,89
1333,1
1334,11
1335,9
1336,1
1337,2
1338,1
1339,93
1340,1
1341,2
1342,16
1343,4
1344,11
1345,2
1346,1
1347,196
1348,1
1349,1
1350,1
1351,72
1352,1
1353,2
1354,16
1355,30
1356,15
1357,2
1358,1
1359,1
1360,1
1361,2
1362,12
1363,1
1364,1
1365,1
1366,18
1367,2
1368,113
1369,9
1370,1
1371,1
1372,3
1373,13
1374,1
1375,46
1376,7
1377,6
1378,3
1379,194
1380,18
1381,1
1382,1
1383,4
1384,1
1385,2
1386,1
1387,4
1388,76
1389,1
1390,1
1391,1
1392,1
1393,110
1394,1
1395,1
1396,1
1397,5
1398,94
1399,2
1400,2
1401,104
1402,1
1403,2
1404,10
1405,44
1406,7
1407,2
1408,5
1409,85
1410,4
1411,1
1412,1
1413,43
1414,3
1415,2
1416,98
1417,1
1418,1
1419,1
1420,99
1421,1
1422,1
1423,1
1424,1
1425,94
1426,125
1427,101
1428,64
1429,8
1430,113
1431,49
1432,58
1433,12
1434,43
1435,3
1436,306
1437,91
1438,104
1439,13
1440,122
1441,77
1442,56
1443,5
1444,4
1445,27
1446,119
1447,71
1448,146
1449,106
1450,7
1451,72
1452,47
1453,81
1454,149
1455,75
1456,185
1457,69
1458,97
1459,141
1460,15
1461,137
1462,52
1463,109
1464,89
1465,43
1466,9
1467,67
1468,108
1469,1
1470,139
1471,109
1472,19
1473,9
1474,2
1475,104
1476,113
1477,85
1478,94
1479,1
1480,102
1481,140
1482,93
1483,11
1484,82
1485,86
1486,125
1487,17
1488,9
1489,60
1490,19
1491,56
1492,6
1493,96
1494,164
1495,96
1496,86
1497,26
1498,111
1499,71
1500,173
1501,85
1502,80
1503,1
1504,4
1505,157
1506,11
1507,11
1508,86
1509,8
1510,7
1511,96
1512,18
1513,53
1514,70
1515,19
1516,23
1517,146
1518,60
1519,86
1520,2
1521,7
1522,128
1523,139
1524,77
1525,90
1526,24
1527,27
1528,136
1529,39
1530,128
1531,193
1532,238
1533,115
1534,3
1535,1
1536,31
1537,80
1538,55
1539,100
1540,108
1541,95
1542,103
1543,72
1544,139
1545,176
1546,72
1547,27
1548,97
1549,68
1550,2
1551,54
1552,14
1553,89
1554,9
1555,96
1556,36
1557,98
1558,144
1559,4
1560,91
1561,30
1562,123
1563,109
1564,80
1565,60
1566,53
1567,87
1568,5
1569,34
1570,2
1571,1
1572,1
1573,2
1574,1
1575,1
1576,1
1577,2
1578,4
1579,1
1580,1
1581,1
1582,1
1583,1
1584,1
1585,1
1586,1
1587,3
1588,1
1589,2
1590,1
1591,102
1592,1
1593,27
1594,1
1595,154
1596,74
1597,34
1598,109
1599,109
1600,86
1601,122
1602,92
1603,25
1604,118
1605,76
1606,85
1607,64
1608,83
1609,108
1610,65
1611,58
1612,129
1613,49
1614,176
1615,307
1616,60
1617,148
1618,98
1619,8
1620,11
1621,27
1622,71
1623,108
1624,103
1625,2
1626,117
1627,131
1628,75
1629,71
1630,30
1631,6
1632,5
1633,60
1634,108
1635,96
1636,27
1637,129
1638,158
1639,4
1640,39
1641,121
1642,80
1643,76
1644,98
1645,77
1646,4
1647,136
1648,134
1649,83
1650,14
1651,65
1652,100
1653,186
1654,69
1655,74
1656,131
1657,93
1658,107
1659,65
1660,80
1661,19
1662,5
1663,2
1664,4
1665,136
1666,12
1667,29
1668,94
1669,113
1670,195
1671,51
1672,146
1673,91
1674,27
1675,86
1676,57
1677,133
1678,10
1679,72
1680,103
1681,119
1682,194
1683,39
1684,20
1685,274
1686,27
1687,31
1688,23
1689,269
1690,119
1691,66
1692,2
1693,2
1694,1
1695,1
1696,1
1697,1
1698,1
1699,2
1700,2
1701,84
1702,1
1703,29
1704,143
1705,27
1706,1
1707,75
1708,116
1709,7
1710,1
1711,87
1712,12
1713,93
1714,73
1715,39
1716,85
1717,95
1718,5
1719,4
1720,96
1721,5
1722,79
1723,67
1724,202
1725,2
1726,55
1727,74
1728,6
1729,117
1730,8
1731,92
1732,107
1733,30
1734,11
1735,6
1736,98
1737,74
1738,110
1739,92
1740,106
1741,119
1742,84
1743,23
1744,57
1745,75
1746,103
1747,21
1748,8
1749,2
1750,68
1751,78
1752,38
1753,17
1754,88
1755,1
1756,122
1757,7
1758,11
1759,88
1760,79
1761,75
1762,9
1763,91
1764,97
1765,123
1766,92
1767,107
1768,5
1769,4
1770,99
1771,23
1772,36
1773,1
1774,29
1775,113
1776,121
1777,120
1778,6
1779,45
1780,1
1781,86
1782,1
1783,349
1784,1
1785,1
1786,3
1787,58
1788,86
1789,62
1790,5
1791,86
1792,58
1793,58
1794,226
1795,90
1796,57
1797,4
1798,14
1799,92
1800,2
1801,13
1802,150
1803,14
1804,169
1805,191
1806,6
1807,16
1808,23
1809,97
1810,76
1811,72
1812,97
1813,17
1814,33
1815,3
1816,3
1817,71
1818,29
1819,58
1820,107
1821,94
1822,199
1823,85
1824,68
1825,27
1826,32
1827,112
1828,53
1829,10
1830,113
1831,94
1832,73
1833,19
1834,145
1835,106
1836,58
1837,18
1838,78
1839,26
1840,13
1841,25
1842,36
1843,76
1844,86
1845,78
1846,8
1847,91
1848,2
1849,1
1850,6
1851,178
1852,36
1853,111
1854,97
1855,275
1856,16
1857,61
1858,8
1859,4
1860,83
1861,88
1862,3
1863,102
1864,103
1865,25
1866,25
1867,9
1868,90
1869,1
1870,108
1871,30
1872,1
1873,58
1874,162
1875,62
1876,28
1877,24
1878,32
1879,2
1880,29
1881,108
1882,35
1883,150
1884,115
1885,19
1886,42
1887,80
1888,113
1889,7
1890,66
1891,34
1892,14
1893,57
1894,57
1895,45
1896,131
1897,59
1898,15
1899,8
1900,95
1901,119
1902,47
1903,58
1904,2
1905,12
1906,132
1907,114
1908,11
1909,93
1910,110
1911,107
1912,105
1913,126
1914,3
1915,20
1916,8
1917,61
1918,58
1919,29
1920,64
1921,30
1922,60
1923,58
1924,58
1925,58
1926,25
1927,211
1928,77
1929,12
1930,12
1931,7
1932,58
1933,2
1934,76
1935,11
1936,9
1937,11
1938,42
1939,163
1940,7
1941,2
1942,71
1943,116
1944,2
1945,81
1946,18
1947,7
1948,20
1949,1
1950,1
1951,2
1952,1
1953,1
1954,1
1955,17
1956,1
1957,2
1958,4
1959,6
1960,33
1961,1
1962,1
1963,104
1964,12
1965,3
1966,93
1967,144
1968,58
1969,132
1970,58
1971,192
1972,71
1973,89
1974,85
1975,58
1976,3
1977,69
1978,23
1979,58
1980,17
1981,80
1982,9
1983,23
1984,58
1985,8
1986,96
1987,78
1988,130
1989,45
1990,58
1991,45
1992,75
1993,199
1994,82
1995,86
1996,76
1997,131
1998,5
1999,17
2000,19
2001,7
2002,34
2003,229
2004,13
2005,77
2006,102
2007,114
2008,8
2009,36
2010,100
2011,14
2012,103
2013,92
2014,4
2015,27
2016,9
2017,45
2018,170
2019,63
2020,6
2021,36
2022,3
2023,163
2024,159
2025,20
2026,1
2027,67
2028,15
2029,14
2030,72
2031,62
2032,8
2033,48
2034,36
2035,56
2036,57
2037,56
2038,22
2039,47
2040,49
2041,51
2042,14
2043,27
2044,58
2045,1
2046,56
2047,42
2048,25
2049,32
2050,42
2051,166
2052,34
2053,93
2054,16
2055,57
2056,2
2057,16
2058,1
2059,78
2060,58
2061,55
2062,1
2063,42
2064,4
2065,4
2066,182
2067,4
2068,63
2069,75
2070,6
2071,117
2072,3
2073,10
2074,76
2075,5
2076,119
2077,59
2078,55
2079,113
2080,128
2081,42
2082,147
2083,2
2084,117
2085,103
2086,129
2087,32
2088,123
2089,110
2090,37
2091,28
2092,29
2093,109
2094,124
2095,131
2096,127
2097,34
2098,37
2099,8
2100,25
2101,37
2102,109
2103,64
2104,100
2105,13
2106,92
2107,26
2108,17
2109,92
2110,20
2111,40
2112,86
2113,11
2114,7
2115,19
2116,103
2117,16
2118,150
2119,26
2120,72
2121,25
2122,32
2123,93
2124,63
2125,107
2126,438
2127,127
2128,91
2129,51
2130,117
2131,6
2132,70
2133,66
2134,64
2135,75
2136,101
2137,11
2138,32
2139,8
2140,16
2141,13
2142,2
2143,92
2144,18
2145,21
2146,88
2147,255
2148,6
2149,124
2150,74
2151,8
2152,105
2153,77
2154,73
2155,76
2156,111
2157,92
2158,17
2159,123
2160,4
2161,34
2162,12
2163,22
2164,56
2165,80
2166,83
2167,113
2168,74
2169,21
2170,53
2171,7
2172,38
2173,67
2174,139
2175,19
2176,111
2177,3
2178,114
2179,6
2180,122
2181,134
2182,11
2183,90
2184,112
2185,68
2186,105
2187,8
2188,2
2189,8
2190,81
2191,13
2192,18
2193,3
2194,77
2195,95
2196,110
2197,11
2198,93
2199,88
2200,60
2201,36
2202,91
2203,11
2204,132
2205,158
2206,203
2207,52
2208,55
2209,102
2210,86
2211,12
2212,14
2213,153
2214,72
2215,48
2216,7
2217,82
2218,136
2219,102
2220,158
2221,50
2222,48
2223,4
2224,30
2225,10
2226,101
2227,108
2228,10
2229,61
2230,6
2231,49
2232,8
2233,81
2234,127
2235,87
2236,53
2237,118
2238,129
2239,3
2240,105
2241,43
2242,156
2243,35
2244,60
2245,27
2246,62
2247,30
2248,72
2249,5
2250,121
2251,137
2252,19
2253,22
2254,5
2255,124
2256,182
2257,59
2258,88
2259,170
2260,48
2261,268
2262,256
2263,14
2264,8
2265,14
2266,111
2267,5
2268,82
2269,19
2270,103
2271,98
2272,4
2273,40
2274,104
2275,6
2276,2
2277,8
2278,72
2279,31
2280,85
2281,20
2282,8
2283,12
2284,94
2285,100
2286,29
2287,5
2288,6
2289,75
2290,19
2291,83
2292,44
2293,76
2294,94
2295,2
2296,57
2297,106
2298,16
2299,59
2300,28
2301,156
2302,179
2303,87
2304,61
2305,8
2306,12
2307,24
2308,59
2309,110
2310,101
2311,82
2312,92
2313,84
2314,142
2315,107
2316,66
2317,94
2318,3
2319,93
2320,109
2321,11
2322,4
2323,132
2324,116
2325,21
2326,76
2327,72
2328,40
2329,154
2330,313
2331,85
2332,37
2333,14
2334,142
2335,6
2336,100
2337,8
2338,93
2339,119
2340,80
2341,126
2342,69
2343,170
2344,1
2345,1
2346,58
2347,136
2348,11
2349,135
2350,62
2351,11
2352,91
2353,86
2354,4
2355,88
2356,3
2357,2
2358,91
2359,148
2360,52
2361,2
2362,7
2363,1
2364,99
2365,49
2366,16
2367,129
2368,77
2369,115
2370,137
2371,5
2372,3
2373,364
2374,4
2375,96
2376,6
2377,15
2378,66
2379,42
2380,74
2381,102
2382,327
2383,15
2384,7
2385,85
2386,84
2387,107
2388,93
2389,135
2390,94
2391,3
2392,109
2393,174
2394,13
2395,1
2396,111
2397,162
2398,9
2399,59
2400,109
2401,96
2402,2
2403,4
2404,61
2405,6
2406,1
2407,3
2408,90
2409,70
2410,72
2411,54
2412,108
2413,19
2414,91
2415,15
2416,32
2417,3
2418,104
2419,71
2420,103
2421,43
2422,38
2423,4
2424,37
2425,22
2426,76
2427,257
2428,116
2429,96
2430,85
2431,108
2432,5
2433,47
2434,143
2435,16
2436,101
2437,4
2438,99
2439,86
2440,110
2441,3
2442,120
2443,129
2444,91
2445,46
2446,13
2447,16
2448,1
2449,121
2450,26
2451,98
2452,105
2453,14
2454,93
2455,15
2456,97
2457,4
2458,27
2459,23
2460,102
2461,122
2462,6
2463,70
2464,114
2465,15
2466,8
2467,73
2468,97
2469,89
2470,101
2471,120
2472,136
2473,119
2474,45
2475,79
2476,33
2477,94
2478,70
2479,63
2480,13
2481,86
2482,128
2483,37
2484,23
2485,91
2486,93
2487,110
2488,2
2489,64
2490,113
2491,11
2492,71
2493,87
2494,5
2495,35
2496,3
2497,4
2498,83
2499,55
2500,5
2501,106
2502,48
2503,101
2504,6
2505,104
2506,87
2507,86
2508,72
2509,43
2510,70
2511,5
2512,2
2513,29
2514,2
2515,90
2516,92
2517,83
2518,90
2519,5
2520,104
2521,101
2522,47
2523,5
2524,53
2525,112
2526,2
2527,194
2528,117
2529,80
2530,94
2531,12
2532,90
2533,110
2534,1
2535,113
2536,69
2537,94
2538,37
2539,6
2540,82
2541,151
2542,22
2543,17
2544,83
2545,184
2546,12
2547,27
2548,97
2549,30
2550,115
2551,112
2552,107
2553,88
2554,103
2555,105
2556,103
2557,39
2558,12
2559,5
2560,6
2561,1
2562,2
2563,110
2564,94
2565,7
2566,104
2567,6
2568,2
2569,102
2570,70
2571,36
2572,87
2573,121
2574,2
2575,74
2576,99
2577,10
2578,86
2579,20
2580,100
2581,69
2582,120
2583,90
2584,103
2585,116
2586,91
2587,45
2588,17
2589,108
2590,1
2591,126
2592,118
2593,5
2594,1
2595,80
2596,19
2597,173
2598,98
2599,23
2600,187
2601,84
2602,15
2603,74
2604,120
2605,65
2606,104
2607,13
2608,16
2609,92
2610,101
2611,113
2612,8
2613,93
2614,135
2615,89
2616,12
2617,123
2618,99
2619,79
2620,68
2621,8
2622,34
2623,80
2624,106
2625,87
2626,13
2627,118
2628,111
2629,92
2630,79
2631,78
2632,103
2633,74
2634,10
2635,57
2636,105
2637,27
2638,75
2639,3
2640,68
2641,96
2642,5
2643,7
2644,120
2645,11
2646,9
2647,131
2648,3
2649,7
2650,65
2651,7
2652,4
2653,78
2654,37
2655,81
2656,133
2657,97
2658,132
2659,18
2660,62
2661,109
2662,66
2663,36
2664,87
2665,3
2666,72
2667,87
2668,138
2669,70
2670,105
2671,17
2672,4
2673,63
2674,33
2675,58
2676,12
2677,21
2678,119
2679,64
2680,62
2681,93
2682,83
2683,75
2684,8
2685,114
2686,42
2687,143
2688,9
2689,6
2690,93
2691,118
2692,114
2693,111
2694,101
2695,4
2696,2
2697,28
2698,115
2699,76
2700,3
2701,86
2702,71
2703,106
2704,95
2705,24
2706,106
2707,90
2708,45
2709,137
2710,147
2711,47
2712,27
2713,97
2714,93
2715,59
2716,122
2717,61
2718,2
2719,44
2720,7
2721,73
2722,66
2723,65
2724,73
2725,105
2726,2
2727,119
2728,10
2729,13
2730,96
2731,106
2732,25
2733,100
2734,12
2735,3
2736,135
2737,15
2738,107
2739,21
2740,83
2741,2
2742,130
2743,59
2744,84
2745,87
2746,96
2747,102
2748,150
2749,91
2750,71
2751,35
2752,1
2753,55
2754,3
2755,164
2756,11
2757,14
2758,35
2759,79
2760,78
2761,113
2762,22
2763,51
2764,4
2765,112
2766,10
2767,86
2768,46
2769,118
2770,2
2771,56
2772,80
2773,111
2774,90
2775,105
2776,3
2777,11
2778,36
2779,11
2780,191
2781,87
2782,96
2783,48
2784,6
2785,28
2786,5
2787,126
2788,33
2789,2
2790,24
2791,92
2792,97
2793,112
2794,111
2795,6
2796,117
2797,58
2798,4
2799,136
2800,90
2801,93
2802,81
2803,80
2804,123
2805,91
2806,65
2807,90
2808,108
2809,1
2810,9
2811,107
2812,83
2813,179
2814,115
2815,8
2816,87
2817,72
2818,9
2819,56
2820,24
2821,104
2822,90
2823,4
2824,108
2825,119
2826,33
2827,112
2828,185
2829,67
2830,162
2831,63
2832,126
2833,5
2834,14
2835,31
2836,9
2837,65
2838,3
2839,237
2840,2
2841,11
2842,74
2843,75
2844,95
2845,10
2846,1
2847,6
2848,19
2849,60
2850,197
2851,103
2852,89
2853,10
2854,198
2855,26
2856,100
2857,9
2858,104
2859,92
2860,23
2861,27
2862,34
2863,96
2864,76
2865,88
2866,11
2867,7
2868,85
2869,109
2870,197
2871,85
2872,179
2873,101
2874,74
2875,104
2876,46
2877,1
2878,107
2879,103
2880,90
2881,23
2882,140
2883,78
2884,5
2885,84
2886,124
2887,90
2888,24
2889,1
2890,1
2891,119
2892,8
2893,96
2894,94
2895,103
2896,119
2897,21
2898,10
2899,54
2900,100
2901,118
2902,130
2903,2
2904,7
2905,91
2906,53
2907,63
2908,110
2909,122
2910,56
2911,62
2912,50
2913,38
2914,92
2915,79
2916,5
2917,95
2918,133
2919,66
2920,213
2921,258
2922,156
2923,117
2924,1
2925,117
2926,97
2927,101
2928,8
2929,85
2930,51
2931,90
2932,11
2933,84
2934,105
2935,20
2936,118
2937,80
2938,56
2939,2
2940,65
2941,14
2942,99
2943,75
2944,87
2945,86
2946,109
2947,14
2948,108
2949,27
2950,99
2951,72
2952,50
2953,70
2954,86
2955,1
2956,2
2957,27
2958,8
2959,5
2960,83
2961,244
2962,21
2963,3
2964,55
2965,119
2966,101
2967,5
2968,7
2969,92
2970,170
2971,116
2972,71
2973,17
2974,169
2975,2
2976,77
2977,114
2978,7
2979,95
2980,105
2981,96
2982,10
2983,70
2984,10
2985,77
2986,90
2987,69
2988,103
2989,125
2990,83
2991,3
2992,22
2993,105
2994,23
2995,95
2996,34
2997,1
2998,117
2999,98
3000,114
3001,63
3002,98
3003,83
3004,98
3005,102
3006,27
3007,124
3008,45
3009,105
3010,4
3011,129
3012,7
3013,148
3014,71
3015,88
3016,22
3017,65
3018,15
3019,111
3020,171
3021,25
3022,9
3023,1
3024,8
3025,68
3026,87
3027,104
3028,61
3029,91
3030,146
3031,277
3032,24
3033,13
3034,4
3035,6
3036,102
3037,160
3038,12
3039,18
3040,8
3041,74
3042,70
3043,4
3044,81
3045,115
3046,80
3047,92
3048,89
3049,86
3050,81
3051,106
3052,73
3053,18
3054,116
3055,106
3056,31
3057,8
3058,66
3059,128
3060,2
3061,117
3062,82
3063,110
3064,103
3065,5
3066,6
3067,114
3068,221
3069,144
3070,15
3071,69
3072,12
3073,12
3074,3
3075,94
3076,107
3077,40
3078,79
3079,123
3080,121
3081,125
3082,115
3083,73
3084,90
3085,122
3086,65
3087,79
3088,63
3089,2
3090,89
3091,101
3092,40
3093,107
3094,16
3095,79
3096,115
3097,69
3098,12
3099,118
3100,58
3101,36
3102,31
3103,100
3104,1
3105,133
3106,64
3107,91
3108,89
3109,116
3110,2
3111,83
3112,18
3113,75
3114,74
3115,43
3116,18
3117,6
3118,112
3119,100
3120,84
3121,69
3122,112
3123,109
3124,2
3125,66
3126,111
3127,4
3128,20
3129,15
3130,60
3131,43
3132,9
3133,2
3134,101
3135,193
3136,74
3137,1
3138,93
3139,60
3140,18
3141,3
3142,1
3143,2
3144,53
3145,39
3146,103
3147,54
3148,81
3149,86
3150,12
3151,17
3152,9
3153,103
3154,2
3155,46
3156,94
3157,1
3158,120
3159,96
3160,153
3161,3
3162,45
3163,11
3164,135
3165,1
3166,3
3167,161
3168,85
3169,61
3170,4
3171,104
3172,75
3173,33
3174,2
3175,120
3176,3
3177,37
3178,51
3179,18
3180,13
3181,1
3182,135
3183,96
3184,1
3185,35
3186,5
3187,4
3188,70
3189,24
3190,91
3191,86
3192,11
3193,76
3194,7
3195,83
3196,10
3197,15
3198,65
3199,85
3200,161
3201,14
3202,10
3203,78
3204,26
3205,40
3206,34
3207,107
3208,85
3209,90
3210,62
3211,68
3212,66
3213,103
3214,21
3215,102
3216,19
3217,111
3218,99
3219,80
3220,41
3221,117
3222,92
3223,93
3224,75
3225,96
3226,16
3227,91
3228,110
3229,65
3230,99
3231,46
3232,2
3233,99
3234,109
3235,78
3236,1
3237,15
3238,124
3239,15
3240,105
3241,115
3242,41
3243,21
3244,140
3245,178
3246,94
3247,101
3248,108
3249,52
3250,35
3251,34
3252,9
3253,82
3254,165
3255,11
3256,29
3257,1
3258,73
3259,39
3260,9
3261,115
3262,12
3263,21
3264,89
3265,87
3266,98
3267,89
3268,20
3269,113
3270,96
3271,1
3272,3
3273,88
3274,5
3275,91
3276,106
3277,14
3278,95
3279,105
3280,116
3281,54
3282,60
3283,330
3284,7
3285,2
3286,79
3287,96
3288,14
3289,118
3290,311
3291,53
3292,111
3293,112
3294,5
3295,146
3296,1
3297,89
3298,105
3299,12
3300,64
3301,90
3302,26
3303,89
3304,60
3305,38
3306,87
3307,71
3308,113
3309,17
3310,111
3311,102
3312,4
3313,80
3314,51
3315,50
3316,68
3317,48
3318,77
3319,110
3320,127
3321,35
3322,127
3323,105
3324,106
3325,10
3326,50
3327,10
3328,101
3329,113
3330,106
3331,163
3332,106
3333,71
3334,99
3335,6
3336,96
3337,76
3338,90
3339,15
3340,104
3341,135
3342,123
3343,39
3344,88
3345,110
3346,97
3347,13
3348,115
3349,9
3350,182
3351,116
3352,101
3353,17
3354,102
3355,2
3356,120
3357,116
3358,79
3359,92
3360,56
3361,81
3362,9
3363,56
3364,235
3365,17
3366,117
3367,12
3368,93
3369,97
3370,167
3371,8
3372,85
3373,98
3374,118
3375,79
3376,32
3377,57
3378,121
3379,12
3380,106
3381,105
3382,4
3383,76
3384,81
3385,56
3386,42
3387,5
3388,63
3389,78
3390,12
3391,126
3392,2
3393,117
3394,146
3395,93
3396,36
3397,54
3398,92
3399,111
3400,4
3401,81
3402,109
3403,77
3404,9
3405,88
3406,82
3407,10
3408,91
3409,95
3410,51
3411,113
3412,113
3413,100
3414,90
3415,136
3416,82
3417,113
3418,88
3419,94
3420,52
3421,84
3422,77
3423,157
3424,68
3425,21
3426,75
3427,5
3428,108
3429,55
3430,79
3431,3
3432,55
3433,3
3434,116
3435,89
3436,66
3437,47
3438,59
3439,4
3440,30
3441,20
3442,15
3443,80
3444,75
3445,77
3446,1
3447,36
3448,7
3449,105
3450,144
3451,7
3452,4
3453,65
3454,83
3455,38
3456,53
3457,12
3458,4
3459,25
3460,4
3461,21
3462,1
3463,98
3464,11
3465,17
3466,72
3467,15
3468,79
3469,90
3470,114
3471,14
3472,79
3473,60
3474,1
3475,13
3476,19
3477,38
3478,82
3479,34
3480,112
3481,130
3482,162
3483,105
3484,9
3485,85
3486,37
3487,118
3488,21
3489,82
3490,21
3491,21
3492,16
3493,138
3494,58
3495,3
3496,104
3497,3
3498,92
3499,132
3500,115
3501,85
3502,106
3503,20
3504,211
3505,4
3506,11
3507,147
3508,1
3509,188
3510,101
3511,131
3512,125
3513,108
3514,1
3515,199
3516,2
3517,9
3518,3
3519,115
3520,197
3521,47
3522,94
3523,1
3524,237
3525,102
3526,107
3527,18
3528,99
3529,57
3530,11
3531,21
3532,122
3533,118
3534,82
3535,1
3536,118
3537,207
3538,81
3539,61
3540,4
3541,77
3542,83
3543,51
3544,96
3545,12
3546,7
3547,51
3548,45
3549,126
3550,98
3551,70
3552,59
3553,15
3554,115
3555,12
3556,107
3557,93
3558,60
3559,18
3560,8
3561,52
3562,101
3563,87
3564,81
3565,100
3566,23
3567,13
3568,12
3569,68
3570,72
3571,114
3572,13
3573,194
3574,53
3575,62
3576,84
3577,115
3578,45
3579,9
3580,98
3581,8
3582,4
3583,59
3584,84
3585,103
3586,12
3587,6
3588,113
3589,47
3590,54
3591,9
3592,63
3593,22
3594,19
3595,8
3596,11
3597,93
3598,7
3599,65
3600,55
3601,62
3602,108
3603,107
3604,93
3605,87
3606,1
3607,59
3608,112
3609,8
3610,7
3611,109
3612,10
3613,12
3614,122
3615,76
3616,81
3617,6
3618,94
3619,81
3620,91
3621,90
3622,114
3623,24
3624,103
3625,95
3626,78
3627,76
3628,6
3629,101
3630,104
3631,5
3632,32
3633,95
3634,9
3635,70
3636,130
3637,64
3638,113
3639,35
3640,14
3641,11
3642,113
3643,76
3644,29
3645,22
3646,9
3647,91
3648,94
3649,81
3650,110
3651,96
3652,72
3653,89
3654,66
3655,75
3656,1
3657,25
3658,23
3659,2
3660,4
3661,104
3662,7
3663,20
3664,81
3665,6
3666,188
3667,30
3668,184
3669,104
3670,102
3671,6
3672,91
3673,85
3674,11
3675,106
3676,82
3677,87
3678,98
3679,5
3680,70
3681,78
3682,99
3683,1
3684,1
3685,160
3686,23
3687,39
3688,86
3689,1
3690,94
3691,1
3692,93
3693,1
3694,32
3695,11
3696,59
3697,8
3698,62
3699,102
3700,15
3701,62
3702,89
3703,57
3704,60
3705,5
3706,99
3707,18
3708,104
3709,99
3710,72
3711,4
3712,85
3713,4
3714,24
3715,36
3716,3
3717,11
3718,114
3719,3
3720,8
3721,117
3722,85
3723,2
3724,105
3725,166
3726,13
3727,90
3728,2
3729,65
3730,88
3731,103
3732,110
3733,92
3734,18
3735,13
3736,102
3737,93
3738,72
3739,77
3740,77
3741,109
3742,12
3743,84
3744,2
3745,49
3746,51
3747,107
3748,20
3749,1
3750,93
3751,33
3752,116
3753,82
3754,104
3755,5
3756,9
3757,84
3758,4
3759,1
3760,85
3761,8
3762,95
3763,97
3764,106
3765,110
3766,107
3767,106
3768,100
3769,94
3770,124
3771,49
3772,79
3773,42
3774,107
3775,3
3776,13
3777,8
3778,26
3779,86
3780,90
3781,102
3782,79
3783,98
3784,92
3785,92
3786,135
3787,117
3788,65
3789,78
3790,95
3791,31
3792,1
3793,31
3794,35
3795,42
3796,119
3797,57
3798,41
3799,3
3800,67
3801,2
3802,223
3803,127
3804,81
3805,87
3806,14
3807,105
3808,34
3809,3
3810,94
3811,96
3812,30
3813,116
3814,24
3815,96
3816,130
3817,105
3818,42
3819,74
3820,118
3821,48
3822,93
3823,48
3824,156
3825,11
3826,111
3827,142
3828,110
3829,12
3830,49
3831,11
3832,69
3833,1
3834,86
3835,116
3836,58
3837,67
3838,140
3839,74
3840,25
3841,167
3842,8
3843,94
3844,10
3845,109
3846,24
3847,111
3848,124
3849,28
3850,10
3851,68
3852,6
3853,59
3854,17
3855,6
3856,79
3857,112
3858,102
3859,17
3860,90
3861,5
3862,6
3863,108
3864,133
3865,24
3866,108
3867,91
3868,5
3869,81
3870,8
3871,21
3872,155
3873,86
3874,9
3875,52
3876,24
3877,71
3878,114
3879,73
3880,102
3881,80
3882,67
3883,98
3884,127
3885,78
3886,67
3887,1
3888,127
3889,90
3890,119
3891,88
3892,33
3893,82
3894,72
3895,44
3896,28
3897,71
3898,138
3899,119
3900,201
3901,78
3902,9
3903,7
3904,251
3905,102
3906,7
3907,20
3908,25
3909,57
3910,98
3911,11
3912,75
3913,51
3914,54
3915,16
3916,33
3917,91
3918,21
3919,84
3920,10
3921,96
3922,28
3923,5
3924,93
3925,96
3926,132
3927,73
3928,100
3929,114
3930,4
3931,62
3932,86
3933,109
3934,1
3935,5
3936,133
3937,68
3938,113
3939,26
3940,72
3941,83
3942,184
3943,88
3944,151
3945,64
3946,2
3947,10
3948,81
3949,81
3950,13
3951,54
3952,2
3953,16
3954,137
3955,7
3956,74
3957,4
3958,10
3959,46
3960,29
3961,31
3962,114
3963,2
3964,86
3965,98
3966,129
3967,115
3968,89
3969,97
3970,67
3971,25
3972,81
3973,81
3974,64
3975,62
3976,93
3977,105
3978,23
3979,53
3980,51
3981,68
3982,119
3983,68
3984,88
3985,101
3986,19
3987,121
3988,124
3989,122
3990,23
3991,129
3992,60
3993,56
3994,105
3995,8
3996,38
3997,91
3998,98
3999,4
4000,5
4001,101
4002,37
4003,25
4004,516
4005,99
4006,1
4007,165
4008,148
4009,49
4010,77
4011,110
4012,46
4013,83
4014,139
4015,44
4016,98
4017,101
4018,86
4019,93
4020,88
4021,36
4022,3
4023,114
4024,83
4025,76
4026,10
4027,100
4028,125
4029,71
4030,112
4031,93
4032,2
4033,73
4034,26
4035,27
4036,120
4037,93
4038,40
4039,1
4040,206
4041,39
4042,84
4043,17
4044,94
4045,129
4046,95
4047,7
4048,95
4049,7
4050,66
4051,147
4052,3
4053,143
4054,111
4055,21
4056,77
4057,86
4058,14
4059,16
4060,104
4061,107
4062,84
4063,2
4064,108
4065,101
4066,87
4067,91
4068,108
4069,139
4070,34
4071,160
4072,10
4073,51
4074,102
4075,23
4076,7
4077,115
4078,14
4079,1
4080,258
4081,107
4082,3
4083,1
4084,172
4085,33
4086,118
4087,110
4088,100
4089,64
4090,92
4091,86
4092,69
4093,84
4094,41
4095,34
4096,103
4097,51
4098,4
4099,11
4100,146
4101,78
4102,21
4103,106
4104,104
4105,105
4106,112
4107,94
4108,78
4109,41
4110,106
4111,91
4112,5
4113,134
4114,107
4115,83
4116,2
4117,11
4118,32
4119,2
4120,285
4121,3
4122,98
4123,37
4124,3
4125,70
4126,77
4127,19
4128,67
4129,66
4130,94
4131,79
4132,4
4133,60
4134,41
4135,50
4136,91
4137,81
4138,9
4139,19
4140,114
4141,34
4142,1
4143,3
4144,173
4145,124
4146,52
4147,4
4148,28
4149,104
4150,77
4151,107
4152,63
4153,4
4154,89
4155,23
4156,82
4157,2
4158,38
4159,96
4160,4
4161,64
4162,10
4163,19
4164,5
4165,100
4166,94
4167,106
4168,8
4169,59
4170,104
4171,34
4172,55
4173,30
4174,108
4175,7
4176,8
4177,7
4178,10
4179,84
4180,177
4181,77
4182,66
4183,82
4184,22
4185,3
4186,81
4187,103
4188,9
4189,10
4190,5
4191,14
4192,104
4193,5
4194,39
4195,153
4196,60
4197,16
4198,72
4199,120
4200,115
4201,1
4202,97
4203,26
4204,83
4205,4
4206,108
4207,292
4208,147
4209,3
4210,56
4211,9
4212,92
4213,93
4214,95
4215,3
4216,76
4217,139
4218,7
4219,119
4220,4
4221,5
4222,2
4223,9
4224,108
4225,39
4226,81
4227,62
4228,6
4229,1
4230,12
4231,3
4232,84
4233,41
4234,28
4235,7
4236,1
4237,16
4238,93
4239,3
4240,17
4241,6
4242,69
4243,128
4244,59
4245,100
4246,58
4247,108
4248,41
4249,112
4250,8
4251,92
4252,84
4253,96
4254,4
4255,10
4256,109
4257,24
4258,117
4259,121
4260,58
4261,82
4262,96
4263,37
4264,110
4265,87
4266,9
4267,97
4268,6
4269,7
4270,54
4271,88
4272,104
4273,81
4274,87
4275,11
4276,56
4277,6
4278,39
4279,57
4280,44
4281,38
4282,20
4283,4
4284,158
4285,88
4286,141
4287,82
4288,74
4289,105
4290,125
4291,61
4292,81
4293,6
4294,74
4295,74
4296,99
4297,83
4298,112
4299,111
4300,79
4301,114
4302,86
4303,87
4304,65
4305,17
4306,14
4307,3
4308,10
4309,14
4310,81
4311,124
4312,20
4313,60
4314,2
4315,1
4316,26
4317,96
4318,90
4319,12
4320,1
4321,7
4322,65
4323,47
4324,5
4325,4
4326,10
4327,100
4328,64
4329,16
4330,82
4331,52
4332,102
4333,78
4334,4
4335,296
4336,88
4337,3
4338,11
4339,110
4340,16
4341,9
4342,97
4343,3
4344,15
4345,112
4346,78
4347,95
4348,85
4349,13
4350,23
4351,101
4352,19
4353,105
4354,32
4355,18
4356,110
4357,9
4358,73
4359,75
4360,9
4361,104
4362,92
4363,95
4364,73
4365,7
4366,65
4367,105
4368,49
4369,95
4370,163
4371,92
4372,1
4373,3
4374,9
4375,74
4376,14
4377,106
4378,74
4379,74
4380,102
4381,84
4382,126
4383,119
4384,94
4385,5
4386,19
4387,118
4388,95
4389,61
4390,97
4391,146
4392,13
4393,62
4394,110
4395,72
4396,97
4397,111
4398,107
4399,1
4400,105
4401,91
4402,103
4403,1
4404,1
4405,100
4406,91
4407,76
4408,114
4409,78
4410,96
4411,55
4412,53
4413,20
4414,113
4415,109
4416,23
4417,91
4418,52
4419,147
4420,67
4421,71
4422,2
4423,27
4424,11
4425,54
4426,71
4427,8
4428,86
4429,94
4430,66
4431,52
4432,3
4433,2
4434,101
4435,45
4436,1
4437,113
4438,52
4439,95
4440,490
4441,69
4442,19
4443,76
4444,50
4445,54
4446,73
4447,67
4448,18
4449,56
4450,105
4451,88
4452,20
4453,109
4454,77
4455,6
4456,63
4457,111
4458,67
4459,3
4460,107
4461,2
4462,74
4463,6
4464,4
4465,21
4466,73
4467,15
4468,80
4469,65
4470,267
4471,3
4472,10
4473,22
4474,6
4475,330
4476,92
4477,64
4478,86
4479,85
4480,65
4481,77
4482,1
4483,90
4484,5
4485,107
4486,97
4487,74
4488,90
4489,12
4490,125
4491,71
4492,112
4493,5
4494,10
4495,82
4496,75
4497,17
4498,16
4499,2
4500,173
4501,2
4502,88
4503,83
4504,1
4505,144
4506,91
4507,15
4508,124
4509,93
4510,88
4511,126
4512,88
4513,88
4514,16
4515,71
4516,9
4517,86
4518,90
4519,99
4520,25
4521,1
4522,92
4523,22
4524,93
4525,96
4526,13
4527,21
4528,148
4529,5
4530,59
4531,69
4532,59
4533,2
4534,68
4535,23
4536,19
4537,92
4538,88
4539,2
4540,146
4541,58
4542,50
4543,12
4544,6
4545,1
4546,83
4547,56
4548,8
4549,12
4550,14
4551,79
4552,81
4553,84
4554,250
4555,3
4556,59
4557,80
4558,10
4559,79
4560,102
4561,7
4562,62
4563,86
4564,77
4565,152
4566,3
4567,20
4568,65
4569,41
4570,6
4571,90
4572,91
4573,14
4574,45
4575,10
4576,16
4577,2
4578,22
4579,5
4580,97
4581,4
4582,10
4583,111
4584,77
4585,103
4586,9
4587,107
4588,69
4589,99
4590,11
4591,66
4592,12
4593,36
4594,102
4595,10
4596,9
4597,103
4598,6
4599,103
4600,109
4601,49
4602,30
4603,4
4604,54
4605,36
4606,21
4607,66
4608,94
4609,112
4610,15
4611,168
4612,1
4613,98
4614,96
4615,82
4616,12
4617,210
4618,14
4619,106
4620,104
4621,97
4622,118
4623,100
4624,70
4625,83
4626,67
4627,7
4628,114
4629,106
4630,113
4631,9
4632,99
4633,73
4634,80
4635,102
4636,107
4637,28
4638,96
4639,3
4640,108
4641,78
4642,64
4643,89
4644,81
4645,103
4646,7
4647,117
4648,102
4649,119
4650,116
4651,90
4652,48
4653,13
4654,96
4655,4
4656,103
4657,77
4658,43
4659,61
4660,78
4661,87
4662,12
4663,74
4664,61
4665,29
4666,86
4667,58
4668,95
4669,86
4670,3
4671,74
4672,97
4673,10
4674,66
4675,7
4676,84
4677,20
4678,16
4679,2
4680,32
4681,82
4682,98
4683,49
4684,30
4685,69
4686,64
4687,111
4688,88
4689,25
4690,63
4691,17
4692,20
4693,101
4694,149
4695,103
4696,91
4697,73
4698,5
4699,90
4700,1
4701,2
4702,87
4703,75
4704,11
4705,125
4706,82
4707,7
4708,96
4709,110
4710,29
4711,191
4712,47
4713,80
4714,21
4715,68
4716,11
4717,30
4718,115
4719,39
4720,96
4721,128
4722,94
4723,77
4724,32
4725,70
4726,115
4727,39
4728,1
4729,116
4730,14
4731,4
4732,103
4733,12
4734,1
4735,1
4736,1
4737,1
4738,1
4739,130
4740,68
4741,32
4742,101
4743,81
4744,104
4745,100
4746,27
4747,84
4748,68
4749,97
4750,64
4751,5
4752,75
4753,47
4754,6
4755,55
4756,3
4757,2
4758,108
4759,58
4760,154
4761,6
4762,86
4763,151
4764,1
4765,95
4766,94
4767,41
4768,164
4769,99
4770,39
4771,16
4772,128
4773,128
4774,94
4775,77
4776,52
4777,16
4778,79
4779,28
4780,87
4781,97
4782,104
4783,135
4784,106
4785,93
4786,36
4787,1
4788,1
4789,1
4790,98
4791,30
4792,99
4793,109
4794,90
4795,153
4796,82
4797,16
4798,40
4799,143
4800,25
4801,26
4802,110
4803,9
4804,35
4805,125
4806,6
4807,100
4808,105
4809,68
4810,60
4811,78
4812,13
4813,15
4814,13
4815,74
4816,1
4817,96
4818,5
4819,29
4820,83
4821,69
4822,34
4823,75
4824,7
4825,105
4826,93
4827,17
4828,47
4829,70
4830,61
4831,28
4832,70
4833,114
4834,89
4835,122
4836,152
4837,99
4838,3
4839,107
4840,113
4841,121
4842,138
4843,69
4844,83
4845,155
4846,103
4847,99
4848,10
4849,5
4850,4
4851,79
4852,34
4853,77
4854,102
4855,44
4856,97
4857,70
4858,83
4859,126
4860,1
4861,90
4862,8
4863,96
4864,39
4865,113
4866,59
4867,3
4868,127
4869,62
4870,65
4871,101
4872,10
4873,7
4874,94
4875,94
4876,77
4877,7
4878,6
4879,85
4880,83
4881,3
4882,101
4883,82
4884,39
4885,133
4886,9
4887,124
4888,1
4889,9
4890,106
4891,102
4892,91
4893,84
4894,111
4895,9
4896,44
4897,30
4898,18
4899,18
4900,34
4901,74
4902,21
4903,72
4904,91
4905,69
4906,203
4907,138
4908,97
4909,1
4910,129
4911,70
4912,138
4913,4
4914,17
4915,115
4916,4
4917,1
4918,31
4919,150
4920,87
4921,82
4922,33
4923,11
4924,92
4925,96
4926,73
4927,13
4928,1
4929,42
4930,81
4931,76
4932,12
4933,102
4934,66
4935,73
4936,102
4937,112
4938,4
4939,56
4940,91
4941,108
4942,3
4943,92
4944,28
4945,115
4946,92
4947,44
4948,99
4949,4
4950,93
4951,104
4952,110
4953,109
4954,6
4955,102
4956,93
4957,92
4958,1
4959,33
4960,133
4961,18
4962,4
4963,177
4964,65
4965,4
4966,21
4967,87
4968,106
4969,84
4970,2
4971,86
4972,5
4973,15
4974,25
4975,88
4976,66
4977,100
4978,80
4979,4
4980,1
4981,92
4982,118
4983,91
4984,125
4985,102
4986,94
4987,105
4988,86
4989,79
4990,51
4991,52
4992,68
4993,3
4994,80
4995,98
4996,122
4997,96
4998,74
4999,68
5000,100
5001,65
5002,104
5003,15
5004,77
5005,23
5006,17
5007,104
5008,98
5009,89
5010,96
5011,70
5012,52
5013,83
5014,95
5015,7
5016,117
5017,3
5018,168
5019,98
5020,9
5021,117
5022,109
5023,44
5024,89
5025,86
5026,95
5027,96
5028,204
5029,28
5030,72
5031,11
5032,49
5033,64
5034,1
5035,18
5036,87
5037,9
5038,40
5039,6
5040,91
5041,17
5042,73
5043,9
5044,15
5045,108
5046,11
5047,102
5048,60
5049,78
5050,261
5051,135
5052,9
5053,15
5054,29
5055,25
5056,28
5057,45
5058,83
5059,71
5060,150
5061,54
5062,93
5063,2
5064,103
5065,18
5066,22
5067,2
5068,111
5069,10
5070,85
5071,183
5072,84
5073,23
5074,19
5075,117
5076,5
5077,4
5078,57
5079,3
5080,62
5081,31
5082,9
5083,101
5084,117
5085,177
5086,4
5087,4
5088,104
5089,38
5090,78
5091,43
5092,66
5093,98
5094,3
5095,19
5096,17
5097,2
5098,5
5099,11
5100,75
5101,6
5102,1
5103,31
5104,88
5105,87
5106,85
5107,78
5108,123
5109,9
5110,7
5111,98
5112,73
5113,83
5114,1
5115,9
5116,3
5117,92
5118,171
5119,73
5120,23
5121,10
5122,99
5123,101
5124,108
5125,11
5126,22
5127,45
5128,114
5129,80
5130,96
5131,72
5132,40
5133,100
5134,2
5135,94
5136,77
5137,75
5138,3
5139,41
5140,17
5141,98
5142,7
5143,92
5144,67
5145,64
5146,144
5147,139
5148,12
5149,61
5150,105
5151,48
5152,72
5153,90
5154,135
5155,6
5156,113
5157,12
5158,1
5159,2
5160,105
5161,16
5162,48
5163,27
5164,107
5165,26
5166,101
5167,80
5168,1
5169,1
5170,109
5171,34
5172,2
5173,110
5174,1
5175,4
5176,86
5177,108
5178,91
5179,1
5180,4
5181,52
5182,43
5183,35
5184,79
5185,80
5186,2
5187,60
5188,77
5189,106
5190,108
5191,75
5192,122
5193,95
5194,54
5195,34
5196,3
5197,4
5198,101
5199,60
5200,53
5201,17
5202,34
5203,102
5204,1
5205,12
5206,7
5207,17
5208,1
5209,9
5210,24
5211,47
5212,93
5213,77
5214,4
5215,15
5216,120
5217,106
5218,4
5219,107
5220,138
5221,113
5222,153
5223,3
5224,1
5225,77
5226,105
5227,76
5228,24
5229,58
5230,20
5231,43
5232,78
5233,10
5234,50
5235,1
5236,1
5237,108
5238,125
5239,60
5240,1
5241,61
5242,76
5243,89
5244,105
5245,87
5246,2
5247,42
5248,93
5249,78
5250,92
5251,1
5252,99
5253,8
5254,80
5255,41
5256,11
5257,100
5258,77
5259,28
5260,113
5261,101
5262,81
5263,8
5264,81
5265,103
5266,103
5267,15
5268,99
5269,73
5270,143
5271,101
5272,70
5273,114
5274,13
5275,44
5276,6
5277,1
5278,118
5279,52
5280,147
5281,80
5282,7
5283,9
5284,8
5285,95
5286,77
5287,98
5288,58
5289,1
5290,1
5291,111
5292,78
5293,88
5294,6
5295,83
5296,18
5297,45
5298,79
5299,9
5300,32
5301,247
5302,7
5303,103
5304,130
5305,174
5306,138
5307,84
5308,100
5309,48
5310,5
5311,116
5312,71
5313,68
5314,6
5315,89
5316,16
5317,25
5318,11
5319,5
5320,101
5321,23
5322,4
5323,4
5324,9
5325,109
5326,97
5327,20
5328,90
5329,76
5330,24
5331,124
5332,61
5333,130
5334,105
5335,77
5336,47
5337,18
5338,28
5339,11
5340,124
5341,102
5342,42
5343,177
5344,105
5345,97
5346,91
5347,50
5348,145
5349,78
5350,7
5351,42
5352,147
5353,80
5354,27
5355,67
5356,36
5357,15
5358,3
5359,99
5360,83
5361,15
5362,12
5363,130
5364,95
5365,60
5366,181
5367,8
5368,74
5369,35
5370,11
5371,5
5372,68
5373,11
5374,160
5375,90
5376,35
5377,83
5378,35
5379,61
5380,13
5381,98
5382,103
5383,85
5384,104
5385,5
5386,6
5387,55
5388,113
5389,122
5390,62
5391,90
5392,22
5393,1
5394,60
5395,4
5396,3
5397,81
5398,31
5399,4
5400,57
5401,83
5402,2
5403,1
5404,26
5405,6
5406,9
5407,24
5408,95
5409,6
5410,19
5411,3
5412,146
5413,88
5414,105
5415,114
5416,5
5417,87
5418,114
5419,1
5420,396
5421,6
5422,92
5423,86
5424,12
5425,13
5426,14
5427,306
5428,46
5429,9
5430,71
5431,45
5432,143
5433,57
5434,12
5435,8
5436,57
5437,88
5438,106
5439,27
5440,49
5441,96
5442,69
5443,23
5444,84
5445,58
5446,1
5447,73
5448,10
5449,104
5450,4
5451,66
5452,27
5453,46
5454,8
5455,113
5456,106
5457,221
5458,59
5459,2
5460,122
5461,33
5462,67
5463,36
5464,64
5465,122
5466,29
5467,13
5468,14
5469,84
5470,100
5471,86
5472,33
5473,108
5474,7
5475,148
5476,100
5477,79
5478,74
5479,125
5480,117
5481,138
5482,102
5483,43
5484,1
5485,91
5486,19
5487,1
5488,19
5489,35
5490,2
5491,179
5492,76
5493,4
5494,101
5495,119
5496,123
5497,79
5498,1
5499,77
5500,24
5501,23
5502,96
5503,1
5504,1
5505,3
5506,1
5507,1
5508,1
5509,84
5510,4
5511,93
5512,106
5513,31
5514,12
5515,59
5516,111
5517,12
5518,88
5519,73
5520,108
5521,96
5522,66
5523,122
5524,26
5525,95
5526,97
5527,7
5528,79
5529,100
5530,64
5531,103
5532,72
5533,51
5534,3
5535,5
5536,104
5537,68
5538,39
5539,79
5540,1
5541,118
5542,1
5543,123
5544,40
5545,27
5546,96
5547,88
5548,94
5549,68
5550,87
5551,58
5552,34
5553,255
5554,62
5555,66
5556,12
5557,63
5558,65
5559,87
5560,61
5561,58
5562,53
5563,88
5564,83
5565,81
5566,68
5567,25
5568,11
5569,50
5570,99
5571,2
5572,64
5573,70
5574,53
5575,20
5576,19
5577,89
5578,124
5579,95
5580,33
5581,29
5582,21
5583,7
5584,110
5585,4
5586,109
5587,103
5588,4
5589,125
5590,73
5591,8
5592,116
5593,136
5594,38
5595,115
5596,2
5597,46
5598,87
5599,64
5600,42
5601,61
5602,92
5603,92
5604,111
5605,172
5606,118
5607,22
5608,110
5609,100
5610,72
5611,85
5612,43
5613,75
5614,81
5615,18
5616,5
5617,11
5618,164
5619,12
5620,5
5621,5
5622,1
5623,111
5624,43
5625,31
5626,100
5627,98
5628,178
5629,83
5630,94
5631,71
5632,26
5633,114
5634,107
5635,68
5636,44
5637,28
5638,27
5639,84
5640,11
5641,92
5642,257
5643,11
5644,12
5645,69
5646,7
5647,82
5648,3
5649,94
5650,101
5651,20
5652,102
5653,40
5654,79
5655,95
5656,115
5657,30
5658,208
5659,90
5660,3
5661,49
5662,142
5663,61
5664,74
5665,37
5666,116
5667,8
5668,3
5669,26
5670,78
5671,125
5672,35
5673,87
5674,107
5675,26
5676,4
5677,7
5678,111
5679,62
5680,5
5681,98
5682,46
5683,16
5684,9
5685,6
5686,95
5687,14
5688,47
5689,5
5690,174
5691,33
5692,71
5693,93
5694,112
5695,55
5696,100
5697,82
5698,7
5699,86
5700,22
5701,3
5702,112
5703,11
5704,1
5705,19
5706,85
5707,105
5708,27
5709,35
5710,114
5711,20
5712,88
5713,54
5714,3
5715,11
5716,56
5717,112
5718,44
5719,133
5720,79
5721,42
5722,88
5723,77
5724,15
5725,92
5726,106
5727,97
5728,95
5729,10
5730,3
5731,166
5732,67
5733,124
5734,113
5735,1
5736,6
5737,180
5738,82
5739,113
5740,93
5741,91
5742,117
5743,143
5744,13
5745,1
5746,10
5747,127
5748,10
5749,75
5750,89
5751,66
5752,84
5753,68
5754,92
5755,93
5756,84
5757,95
5758,11
5759,33
5760,97
5761,14
5762,92
5763,135
5764,59
5765,43
5766,104
5767,77
5768,10
5769,101
5770,95
5771,77
5772,2
5773,1
5774,1
5775,1
5776,123
5777,12
5778,92
5779,3
5780,95
5781,90
5782,112
5783,56
5784,9
5785,78
5786,23
5787,113
5788,42
5789,190
5790,114
5791,75
5792,79
5793,29
5794,58
5795,26
5796,107
5797,149
5798,35
5799,44
5800,39
5801,107
5802,86
5803,21
5804,7
5805,92
5806,77
5807,80
5808,3
5809,6
5810,121
5811,15
5812,111
5813,114
5814,78
5815,103
5816,76
5817,1
5818,100
5819,83
5820,144
5821,148
5822,115
5823,72
5824,46
5825,113
5826,87
5827,7
5828,68
5829,5
5830,92
5831,104
5832,61
5833,1
5834,119
5835,1
5836,6
5837,14
5838,23
5839,96
5840,102
5841,64
5842,116
5843,92
5844,4
5845,9
5846,105
5847,94
5848,124
5849,73
5850,96
5851,7
5852,4
5853,110
5854,76
5855,99
5856,51
5857,101
5858,25
5859,7
5860,11
5861,81
5862,76
5863,12
5864,6
5865,4
5866,17
5867,68
5868,110
5869,42
5870,47
5871,95
5872,7
5873,102
5874,3
5875,11
5876,74
5877,38
5878,12
5879,8
5880,105
5881,37
5882,18
5883,1
5884,78
5885,74
5886,114
5887,32
5888,142
5889,22
5890,105
5891,15
5892,105
5893,216
5894,32
5895,87
5896,89
5897,1
5898,1
5899,1
5900,4
5901,71
5902,166
5903,82
5904,42
5905,85
5906,27
5907,77
5908,117
5909,24
5910,72
5911,6
5912,16
5913,74
5914,4
5915,6
5916,16
5917,61
5918,16
5919,2
5920,78
5921,66
5922,104
5923,27
5924,86
5925,4
5926,75
5927,46
5928,8
5929,121
5930,8
5931,1
5932,49
5933,127
5934,8
5935,24
5936,59
5937,3
5938,95
5939,40
5940,17
5941,117
5942,99
5943,139
5944,66
5945,83
5946,2
5947,67
5948,74
5949,63
5950,9
5951,30
5952,89
5953,56
5954,115
5955,122
5956,97
5957,36
5958,84
5959,1
5960,154
5961,15
5962,88
5963,63
5964,110
5965,64
5966,34
5967,32
5968,89
5969,31
5970,113
5971,25
5972,87
5973,11
5974,95
5975,1
5976,90
5977,109
5978,27
5979,149
5980,9
5981,99
5982,111
5983,79
5984,31
5985,120
5986,79
5987,92
5988,81
5989,96
5990,57
5991,78
5992,1
5993,11
5994,151
5995,4
5996,60
5997,51
5998,2
5999,12
6000,119
6001,9
6002,14
6003,19
6004,117
6005,61
6006,89
6007,80
6008,4
6009,5
6010,83
6011,1
6012,1
6013,1
6014,1
6015,29
6016,1
6017,29
6018,1
6019,2
6020,2
6021,1
6022,70
6023,17
6024,4
6025,31
6026,91
6027,17
6028,158
6029,88
6030,117
6031,78
6032,171
6033,1
6034,66
6035,99
6036,11
6037,82
6038,16
6039,59
6040,12
6041,10
6042,17
6043,78
6044,20
6045,35
6046,75
6047,3
6048,90
6049,4
6050,73
6051,1
6052,11
6053,75
6054,3
6055,56
6056,40
6057,88
6058,22
6059,101
6060,109
6061,104
6062,14
6063,15
6064,101
6065,86
6066,46
6067,134
6068,61
6069,5
6070,14
6071,93
6072,100
6073,11
6074,75
6075,47
6076,94
6077,83
6078,86
6079,109
6080,11
6081,2
6082,7
6083,22
6084,13
6085,100
6086,7
6087,72
6088,87
6089,142
6090,49
6091,16
6092,75
6093,28
6094,9
6095,90
6096,72
6097,164
6098,1
6099,112
6100,27
6101,5
6102,5
6103,262
6104,70
6105,33
6106,3
6107,82
6108,15
6109,46
6110,81
6111,88
6112,113
6113,160
6114,340
6115,5
6116,14
6117,101
6118,63
6119,77
6120,106
6121,29
6122,100
6123,3
6124,7
6125,612
6126,47
6127,88
6128,139
6129,40
6130,103
6131,64
6132,3
6133,115
6134,92
6135,101
6136,80
6137,17
6138,67
6139,68
6140,2
6141,137
6142,4
6143,20
6144,10
6145,75
6146,70
6147,114
6148,40
6149,13
6150,79
6151,92
6152,81
6153,78
6154,4
6155,104
6156,98
6157,14
6158,91
6159,17
6160,2
6161,12
6162,2
6163,81
6164,3
6165,76
6166,134
6167,15
6168,88
6169,94
6170,4
6171,145
6172,97
6173,8
6174,81
6175,96
6176,179
6177,72
6178,123
6179,108
6180,81
6181,52
6182,87
6183,72
6184,2
6185,35
6186,18
6187,5
6188,16
6189,27
6190,48
6191,28
6192,124
6193,7
6194,27
6195,173
6196,80
6197,13
6198,74
6199,112
6200,5
6201,92
6202,2
6203,11
6204,8
6205,77
6206,161
6207,68
6208,64
6209,40
6210,8
6211,57
6212,97
6213,62
6214,206
6215,139
6216,101
6217,107
6218,18
6219,81
6220,4
6221,144
6222,87
6223,7
6224,26
6225,69
6226,88
6227,104
6228,100
6229,3
6230,66
6231,78
6232,97
6233,1
6234,5
6235,64
6236,30
6237,12
6238,68
6239,4
6240,137
6241,98
6242,24
6243,100
6244,50
6245,84
6246,5
6247,69
6248,11
6249,74
6250,239
6251,84
6252,10
6253,81
6254,1
6255,5
6256,6
6257,85
6258,102
6259,91
6260,64
6261,104
6262,91
6263,65
6264,83
6265,2
6266,6
6267,42
6268,97
6269,39
6270,95
6271,98
6272,108
6273,3
6274,57
6275,130
6276,91
6277,3
6278,78
6279,3
6280,37
6281,156
6282,107
6283,85
6284,81
6285,94
6286,21
6287,93
6288,41
6289,98
6290,76
6291,78
6292,72
6293,2
6294,126
6295,11
6296,62
6297,18
6298,58
6299,7
6300,100
6301,29
6302,93
6303,32
6304,129
6305,66
6306,20
6307,3
6308,120
6309,103
6310,80
6311,87
6312,124
6313,56
6314,7
6315,38
6316,7
6317,1
6318,35
6319,88
6320,84
6321,133
6322,3
6323,2
6324,76
6325,24
6326,31
6327,85
6328,93
6329,38
6330,8
6331,96
6332,1
6333,89
6334,70
6335,115
6336,52
6337,24
6338,2
6339,97
6340,11
6341,116
6342,113
6343,79
6344,26
6345,9
6346,1
6347,4
6348,104
6349,15
6350,87
6351,150
6352,32
6353,4
6354,40
6355,104
6356,138
6357,1
6358,13
6359,114
6360,22
6361,112
6362,51
6363,71
6364,3
6365,28
6366,101
6367,1
6368,62
6369,7
6370,43
6371,2
6372,82
6373,112
6374,14
6375,49
6376,140
6377,90
6378,3
6379,142
6380,165
6381,20
6382,14
6383,80
6384,76
6385,11
6386,8
6387,35
6388,109
6389,90
6390,24
6391,3
6392,1
6393,2
6394,144
6395,7
6396,12
6397,88
6398,101
6399,22
6400,73
6401,5
6402,2
6403,11
6404,39
6405,167
6406,13
6407,4
6408,98
6409,30
6410,186
6411,3
6412,5
6413,150
6414,39
6415,160
6416,121
6417,6
6418,70
6419,108
6420,89
6421,63
6422,10
6423,1
6424,105
6425,51
6426,1
6427,111
6428,118
6429,3
6430,8
6431,69
6432,55
6433,90
6434,6
6435,68
6436,74
6437,14
6438,52
6439,51
6440,1
6441,1
6442,34
6443,148
6444,56
6445,85
6446,11
6447,103
6448,2
6449,84
6450,117
6451,63
6452,1
6453,120
6454,9
6455,14
6456,6
6457,99
6458,4
6459,92
6460,76
6461,139
6462,94
6463,116
6464,82
6465,183
6466,65
6467,2
6468,9
6469,3
6470,1
6471,1
6472,7
6473,4
6474,1
6475,2
6476,61
6477,105
6478,97
6479,21
6480,153
6481,14
6482,84
6483,10
6484,12
6485,157
6486,6
6487,2
6488,2
6489,92
6490,74
6491,12
6492,1
6493,102
6494,110
6495,156
6496,20
6497,88
6498,78
6499,89
6500,95
6501,1
6502,93
6503,72
6504,9
6505,86
6506,87
6507,110
6508,96
6509,96
6510,81
6511,95
6512,104
6513,87
6514,3
6515,51
6516,89
6517,64
6518,76
6519,2
6520,99
6521,24
6522,7
6523,38
6524,14
6525,10
6526,2
6527,3
6528,101
6529,87
6530,112
6531,63
6532,52
6533,104
6534,136
6535,69
6536,2
6537,40
6538,25
6539,21
6540,2
6541,67
6542,9
6543,87
6544,31
6545,8
6546,104
6547,18
6548,13
6549,63
6550,29
6551,101
6552,39
6553,139
6554,172
6555,16
6556,61
6557,18
6558,95
6559,60
6560,149
6561,109
6562,20
6563,5
6564,55
6565,136
6566,23
6567,12
6568,6
6569,24
6570,85
6571,100
6572,3
6573,74
6574,85
6575,65
6576,9
6577,58
6578,186
6579,81
6580,123
6581,205
6582,13
6583,37
6584,114
6585,132
6586,37
6587,114
6588,53
6589,117
6590,92
6591,62
6592,84
6593,15
6594,22
6595,116
6596,95
6597,12
6598,11
6599,39
6600,79
6601,76
6602,109
6603,98
6604,105
6605,44
6606,221
6607,5
6608,50
6609,40
6610,87
6611,53
6612,65
6613,35
6614,68
6615,6
6616,105
6617,69
6618,1
6619,14
6620,84
6621,2
6622,14
6623,100
6624,3
6625,77
6626,88
6627,93
6628,34
6629,93
6630,13
6631,48
6632,69
6633,4
6634,1
6635,60
6636,94
6637,107
6638,101
6639,105
6640,4
6641,178
6642,1
6643,29
6644,5
6645,15
6646,5
6647,147
6648,1
6649,42
6650,70
6651,1
6652,111
6653,2
6654,102
6655,34
6656,60
6657,63
6658,60
6659,103
6660,4
6661,45
6662,78
6663,73
6664,47
6665,3
6666,95
6667,45
6668,10
6669,76
6670,78
6671,73
6672,1
6673,4
6674,1
6675,89
6676,61
6677,44
6678,99
6679,97
6680,2
6681,86
6682,1
6683,100
6684,4
6685,3
6686,88
6687,84
6688,11
6689,5
6690,103
6691,37
6692,42
6693,60
6694,98
6695,49
6696,42
6697,70
6698,6
6699,74
6700,93
6701,104
6702,6
6703,74
6704,43
6705,78
6706,104
6707,122
6708,99
6709,102
6710,108
6711,31
6712,28
6713,1
6714,65
6715,139
6716,77
6717,101
6718,100
6719,70
6720,189
6721,1
6722,34
6723,104
6724,19
6725,138
6726,85
6727,39
6728,15
6729,5
6730,5
6731,42
6732,15
6733,8
6734,24
6735,13
6736,98
6737,83
6738,38
6739,13
6740,144
6741,8
6742,62
6743,154
6744,7
6745,14
6746,93
6747,74
6748,50
6749,74
6750,36
6751,3
6752,5
6753,72
6754,96
6755,16
6756,8
6757,89
6758,100
6759,10
6760,120
6761,123
6762,6
6763,30
6764,1
6765,104
6766,77
6767,12
6768,16
6769,62
6770,48
6771,108
6772,8
6773,7
6774,2
6775,6
6776,34
6777,77
6778,84
6779,29
6780,3
6781,68
6782,114
6783,92
6784,81
6785,28
6786,33
6787,80
6788,6
6789,60
6790,73
6791,4
6792,109
6793,1
6794,119
6795,30
6796,3
6797,33
6798,76
6799,16
6800,46
6801,103
6802,17
6803,40
6804,72
6805,23
6806,56
6807,2
6808,88
6809,123
6810,8
6811,79
6812,63
6813,120
6814,21
6815,17
6816,86
6817,9
6818,6
6819,9
6820,1
6821,1
6822,41
6823,17
6824,34
6825,9
6826,214
6827,181
6828,96
6829,5
6830,27
6831,10
6832,15
6833,2
6834,1
6835,98
6836,5
6837,126
6838,122
6839,73
6840,8
6841,66
6842,6
6843,107
6844,4
6845,13
6846,1
6847,47
6848,15
6849,1
6850,95
6851,9
6852,111
6853,107
6854,1
6855,1
6856,85
6857,60
6858,29
6859,6
6860,8
6861,1
6862,127
6863,16
6864,2
6865,7
6866,2
6867,119
6868,51
6869,86
6870,127
6871,116
6872,136
6873,7
6874,11
6875,5
6876,56
6877,7
6878,87
6879,111
6880,59
6881,21
6882,19
6883,102
6884,36
6885,133
6886,10
6887,29
6888,36
6889,77
6890,9
6891,112
6892,144
6893,101
6894,37
6895,29
6896,81
6897,8
6898,68
6899,1
6900,47
6901,5
6902,2
6903,1
6904,24
6905,11
6906,1
6907,1
6908,4
6909,90
6910,49
6911,11
6912,38
6913,79
6914,51
6915,3
6916,8
6917,1
6918,44
6919,54
6920,27
6921,98
6922,1
6923,2
6924,2
6925,3
6926,92
6927,11
6928,27
6929,5
6930,67
6931,2
6932,80
6933,3
6934,52
6935,92
6936,62
6937,5
6938,2
6939,128
6940,3
6941,14
6942,111
6943,58
6944,141
6945,19
6946,91
6947,37
6948,8
6949,47
6950,9
6951,275
6952,119
6953,119
6954,61
6955,206
6956,6
6957,87
6958,3
6959,100
6960,145
6961,24
6962,53
6963,50
6964,5
6965,83
6966,142
6967,12
6968,60
6969,94
6970,40
6971,24
6972,14
6973,81
6974,111
6975,106
6976,6
6977,216
6978,139
6979,9
6980,122
6981,22
6982,72
6983,27
6984,59
6985,34
6986,49
6987,189
6988,67
6989,2
6990,47
6991,43
6992,106
6993,13
6994,7
6995,125
6996,42
6997,3
6998,13
6999,12
7000,107
7001,15
7002,3
7003,1
7004,20
7005,44
7006,5
7007,113
7008,106
7009,1
7010,11
7011,77
7012,11
7013,48
7014,61
7015,124
7016,27
7017,8
7018,9
7019,18
7020,37
7021,50
7022,106
7023,34
7024,103
7025,7
7026,99
7027,168
7028,94
7029,10
7030,13
7031,45
7032,7
7033,58
7034,9
7035,1
7036,93
7037,31
7038,41
7039,3
7040,62
7041,1
7042,36
7043,67
7044,36
7045,8
7046,18
7047,10
7048,8
7049,4
7050,19
7051,1
7052,76
7053,10
7054,59
7055,4
7056,138
7057,25
7058,55
7059,96
7060,60
7061,137
7062,91
7063,65
7064,22
7065,16
7066,83
7067,95
7068,61
7069,25
7070,20
7071,19
7072,2
7073,95
7074,99
7075,24
7076,58
7077,93
7078,1
7079,2
7080,93
7081,1
7082,3
7083,8
7084,91
7085,48
7086,19
7087,105
7088,20
7089,6
7090,19
7091,6
7092,134
7093,159
7094,1
7095,13
7096,78
7097,5
7098,87
7099,138
7100,82
7101,14
7102,3
7103,92
7104,60
7105,48
7106,12
7107,3
7108,7
7109,60
7110,6
7111,96
7112,4
7113,73
7114,6
7115,35
7116,120
7117,9
7118,125
7119,22
7120,95
7121,175
7122,1
7123,62
7124,98
7125,31
7126,101
7127,70
7128,158
7129,1
7130,1
7131,2
7132,82
7133,98
7134,41
7135,185
7136,77
7137,72
7138,72
7139,83
7140,71
7141,4
7142,25
7143,1
7144,56
7145,185
7146,25
7147,1
7148,1
7149,4
7150,107
7151,1
7152,1
7153,1
7154,1
7155,2
7156,1
7157,1
7158,1
7159,1
7160,2
7161,1
7162,1
7163,1
7164,1
7165,1
7166,225
7167,1
7168,1
7169,1
7170,1
7171,1
7172,129
7173,45
7174,18
7175,208
7176,82
7177,34
7178,1
7179,67
7180,92
7181,11
7182,9
7183,45
7184,54
7185,57
7186,4
7187,18
7188,3
7189,100
7190,73
7191,99
7192,19
7193,2
7194,46
7195,82
7196,1
7197,1
7198,19
7199,4
7200,1
7201,94
7202,1
7203,16
7204,89
7205,105
7206,32
7207,1
7208,49
7209,22
7210,200
7211,71
7212,5
7213,101
7214,7
7215,52
7216,97
7217,98
7218,73
7219,27
7220,101
7221,58
7222,20
7223,4
7224,55
7225,52
7226,5
7227,82
7228,1
7229,36
7230,59
7231,1
7232,15
7233,100
7234,55
7235,90
7236,20
7237,28
7238,19
7239,54
7240,84
7241,96
7242,38
7243,94
7244,14
7245,1
7246,4
7247,31
7248,181
7249,12
7250,50
7251,94
7252,87
7253,18
7254,3
7255,88
7256,1
7257,1
7258,5
7259,19
7260,65
7261,127
7262,2
7263,35
7264,5
7265,4
7266,27
7267,50
7268,163
7269,17
7270,49
7271,1
7272,92
7273,11
7274,33
7275,1
7276,24
7277,3
7278,147
7279,31
7280,92
7281,27
7282,24
7283,88
7284,5
7285,27
7286,11
7287,105
7288,53
7289,90
7290,15
7291,103
7292,12
7293,3
7294,45
7295,7
7296,97
7297,2
7298,97
7299,317
7300,7
7301,4
7302,26
7303,1
7304,28
7305,76
7306,61
7307,102
7308,16
7309,82
7310,2
7311,88
7312,111
7313,57
7314,75
7315,3
7316,20
7317,52
7318,63
7319,7
7320,131
7321,24
7322,2
7323,85
7324,59
7325,13
7326,113
7327,2
7328,70
7329,2
7330,45
7331,41
7332,107
7333,75
7334,2
7335,4
7336,8
7337,94
7338,9
7339,88
7340,1
7341,68
7342,21
7343,2
7344,92
7345,12
7346,90
7347,107
7348,10
7349,109
7350,50
7351,2
7352,17
7353,17
7354,12
7355,2
7356,22
7357,96
7358,9
7359,56
7360,170
7361,12
7362,59
7363,72
7364,106
7365,188
7366,14
7367,29
7368,1
7369,8
7370,68
7371,30
7372,4
7373,124
7374,69
7375,91
7376,28
7377,6
7378,4
7379,2
7380,17
7381,82
7382,29
7383,43
7384,99
7385,3
7386,120
7387,72
7388,2
7389,88
7390,90
7391,4
7392,4
7393,98
7394,4
7395,6
7396,1
7397,5
7398,1
7399,6
7400,3
7401,4
7402,3
7403,1
7404,1
7405,131
7406,22
7407,48
7408,14
7409,3
7410,5
7411,178
7412,17
7413,95
7414,61
7415,116
7416,3
7417,8
7418,5
7419,4
7420,68
7421,5
7422,35
7423,5
7424,89
7425,73
7426,51
7427,85
7428,51
7429,39
7430,94
7431,82
7432,12
7433,32
7434,2
7435,20
7436,52
7437,8
7438,16
7439,12
7440,69
7441,20
7442,100
7443,1
7444,1
7445,6
7446,64
7447,42
7448,75
7449,6
7450,1
7451,19
7452,73
7453,22
7454,8
7455,72
7456,17
7457,9
7458,1
7459,10
7460,54
7461,2
7462,6
7463,14
7464,102
7465,73
7466,168
7467,2
7468,52
7469,11
7470,84
7471,7
7472,22
7473,1
7474,68
7475,5
7476,2
7477,174
7478,130
7479,22
7480,3
7481,19
7482,37
7483,44
7484,43
7485,111
7486,16
7487,5
7488,27
7489,20
7490,3
7491,50
7492,84
7493,1
7494,1
7495,2
7496,1
7497,1
7498,1
7499,1
7500,1
7501,1
7502,87
7503,79
7504,29
7505,32
7506,246
7507,41
7508,14
7509,4
7510,2
7511,4
7512,8
7513,16
7514,8
7515,3
7516,94
7517,36
7518,81
7519,8
7520,64
7521,1
7522,2
7523,13
7524,95
7525,38
7526,4
7527,31
7528,5
7529,3
7530,99
7531,18
7532,70
7533,70
7534,81
7535,12
7536,35
7537,1
7538,84
7539,16
7540,71
7541,13
7542,64
7543,8
7544,76
7545,42
7546,99
7547,6
7548,11
7549,1
7550,68
7551,14
7552,52
7553,1
7554,11
7555,142
7556,19
7557,58
7558,103
7559,77
7560,43
7561,1
7562,47
7563,3
7564,19
7565,12
7566,68
7567,3
7568,102
7569,106
7570,25
7571,6
7572,5
7573,2
7574,3
7575,40
7576,89
7577,74
7578,4
7579,100
7580,15
7581,4
7582,26
7583,6
7584,4
7585,4
7586,22
7587,56
7588,85
7589,3
7590,38
7591,18
7592,51
7593,5
7594,105
7595,3
7596,36
7597,8
7598,19
7599,52
7600,1
7601,291
7602,93
7603,102
7604,78
7605,2
7606,1
7607,1
7608,28
7609,5
7610,84
7611,109
7612,136
7613,15
7614,91
7615,2
7616,4
7617,18
7618,83
7619,111
7620,66
7621,31
7622,176
7623,113
7624,105
7625,76
7626,8
7627,36
7628,1
7629,129
7630,3
7631,98
7632,1
7633,115
7634,10
7635,70
7636,2
7637,3
7638,4
7639,25
7640,120
7641,35
7642,43
7643,59
7644,21
7645,1
7646,9
7647,19
7648,42
7649,11
7650,3
7651,1
7652,1
7653,114
7654,4
7655,67
7656,2
7657,59
7658,7
7659,75
7660,67
7661,8
7662,14
7663,2
7664,98
7665,94
7666,16
7667,73
7668,21
7669,17
7670,61
7671,12
7672,9
7673,104
7674,38
7675,2
7676,79
7677,5
7678,33
7679,15
7680,11
7681,11
7682,98
7683,6
7684,90
7685,75
7686,57
7687,14
7688,151
7689,3
7690,169
7691,17
7692,85
7693,65
7694,74
7695,4
7696,138
7697,100
7698,30
7699,3
7700,29
7701,2
7702,114
7703,70
7704,3
7705,2
7706,2
7707,2
7708,1
7709,16
7710,1
7711,81
7712,275
7713,107
7714,82
7715,4
7716,55
7717,1
7718,57
7719,5
7720,1
7721,1
7722,8
7723,34
7724,4
7725,5
7726,42
7727,85
7728,5
7729,6
7730,38
7731,40
7732,2
7733,1
7734,9
7735,1
7736,10
7737,28
7738,16
7739,11
7740,83
7741,3
7742,11
7743,84
7744,4
7745,81
7746,2
7747,16
7748,6
7749,124
7750,41
7751,40
7752,105
7753,15
7754,5
7755,5
7756,94
7757,14
7758,93
7759,7
7760,4
7761,4
7762,12
7763,76
7764,108
7765,213
7766,1
7767,59
7768,130
7769,15
7770,1
7771,10
7772,4
7773,70
7774,71
7775,100
7776,75
7777,101
7778,32
7779,9
7780,47
7781,10
7782,8
7783,14
7784,5
7785,4
7786,2
7787,62
7788,113
7789,5
7790,120
7791,23
7792,113
7793,3
7794,58
7795,12
7796,93
7797,93
7798,8
7799,13
7800,1
7801,1
7802,1
7803,1
7804,1
7805,109
7806,30
7807,38
7808,137
7809,3
7810,37
7811,2
7812,1
7813,1
7814,25
7815,1
7816,5
7817,97
7818,3
7819,106
7820,4
7821,34
7822,42
7823,31
7824,21
7825,96
7826,83
7827,36
7828,22
7829,46
7830,4
7831,33
7832,1
7833,34
7834,1
7835,19
7836,9
7837,95
7838,28
7839,3
7840,19
7841,4
7842,11
7843,65
7844,9
7845,57
7846,11
7847,73
7848,15
7849,1
7850,7
7851,54
7852,10
7853,40
7854,6
7855,11
7856,47
7857,170
7858,85
7859,6
7860,115
7861,28
7862,30
7863,22
7864,23
7865,11
7866,35
7867,21
7868,3
7869,50
7870,15
7871,23
7872,87
7873,42
7874,10
7875,14
7876,110
7877,43
7878,9
7879,3
7880,6
7881,73
7882,65
7883,34
7884,98
7885,2
7886,13
7887,8
7888,100
7889,15
7890,99
7891,108
7892,13
7893,92
7894,1
7895,1
7896,2
7897,1
7898,83
7899,17
7900,51
7901,30
7902,10
7903,25
7904,1
7905,4
7906,18
7907,110
7908,98
7909,57
7910,8
7911,247
7912,4
7913,26
7914,41
7915,4
7916,2
7917,2
7918,56
7919,8
7920,1
7921,40
7922,77
7923,143
7924,124
7925,88
7926,9
7927,13
7928,49
7929,21
7930,1
7931,32
7932,1
7933,1
7934,3
7935,110
7936,101
7937,231
7938,65
7939,5
7940,70
7941,50
7942,15
7943,96
7944,12
7945,12
7946,68
7947,12
7948,1
7949,7
7950,1
7951,9
7952,6
7953,10
7954,52
7955,96
7956,30
7957,5
7958,27
7959,26
7960,1
7961,63
7962,91
7963,13
7964,32
7965,52
7966,55
7967,46
7968,21
7969,4
7970,39
7971,80
7972,110
7973,3
7974,81
7975,14
7976,12
7977,24
7978,32
7979,5
7980,2
7981,86
7982,5
7983,35
7984,14
7985,128
7986,168
7987,15
7988,10
7989,56
7990,74
7991,75
7992,30
7993,41
7994,20
7995,1
7996,8
7997,93
7998,80
7999,70
8000,12
8001,54
8002,31
8003,12
8004,75
8005,99
8006,97
8007,10
8008,107
8009,62
8010,107
8011,5
8012,137
8013,7
8014,27
8015,70
8016,73
8017,16
8018,11
8019,153
8020,20
8021,1
8022,85
8023,6
8024,107
8025,84
8026,2
8027,78
8028,83
8029,93
8030,72
8031,84
8032,82
8033,72
8034,109
8035,31
8036,15
8037,34
8038,129
8039,97
8040,124
8041,27
8042,67
8043,50
8044,25
8045,126
8046,66
8047,71
8048,115
8049,22
8050,87
8051,9
8052,83
8053,86
8054,4
8055,55
8056,66
8057,86
8058,6
8059,99
8060,24
8061,29
8062,8
8063,71
8064,17
8065,117
8066,63
8067,72
8068,104
8069,83
8070,7
8071,5
8072,154
8073,60
8074,2
8075,93
8076,125
8077,102
8078,17
8079,4
8080,95
8081,28
8082,119
8083,61
8084,80
8085,45
8086,17
8087,54
8088,97
8089,45
8090,45
8091,31
8092,104
8093,5
8094,82
8095,93
8096,55
8097,74
8098,44
8099,67
8100,85
8101,12
8102,84
8103,8
8104,2
8105,86
8106,52
8107,4
8108,24
8109,12
8110,3
8111,102
8112,18
8113,131
8114,132
8115,115
8116,47
8117,6
8118,52
8119,1
8120,150
8121,80
8122,1
8123,87
8124,77
8125,68
8126,5
8127,71
8128,6
8129,30
8130,29
8131,27
8132,47
8133,6
8134,15
8135,90
8136,8
8137,73
8138,66
8139,114
8140,11
8141,12
8142,5
8143,101
8144,35
8145,100
8146,49
8147,154
8148,34
8149,99
8150,47
8151,93
8152,117
8153,114
8154,78
8155,16
8156,69
8157,13
8158,1
8159,58
8160,102
8161,75
8162,84
8163,140
8164,6
8165,87
8166,48
8167,79
8168,9
8169,119
8170,5
8171,90
8172,6
8173,22
8174,62
8175,65
8176,1
8177,89
8178,78
8179,99
8180,45
8181,8
8182,109
8183,95
8184,103
8185,21
8186,78
8187,96
8188,1
8189,90
8190,17
8191,51
8192,24
8193,60
8194,9
8195,82
8196,111
8197,61
8198,87
8199,96
8200,84
8201,77
8202,43
8203,78
8204,77
8205,173
8206,12
8207,5
8208,28
8209,12
8210,44
8211,59
8212,54
8213,21
8214,99
8215,47
8216,77
8217,109
8218,9
8219,20
8220,6
8221,66
8222,100
8223,2
8224,194
8225,7
8226,24
8227,8
8228,53
8229,91
8230,99
8231,120
8232,121
8233,95
8234,10
8235,32
8236,82
8237,105
8238,5
8239,88
8240,88
8241,71
8242,4
8243,67
8244,65
8245,106
8246,6
8247,83
8248,63
8249,6
8250,92
8251,38
8252,96
8253,85
8254,6
8255,77
8256,76
8257,120
8258,91
8259,4
8260,2
8261,1
8262,1
8263,1
8264,1
8265,1
8266,1
8267,1
8268,1
8269,2
8270,2
8271,2
8272,1
8273,1
8274,1
8275,2
8276,1
8277,1
8278,14
8279,11
8280,28
8281,4
8282,85
8283,66
8284,6
8285,3
8286,47
8287,14
8288,4
8289,49
8290,86
8291,97
8292,12
8293,45
8294,5
8295,107
8296,37
8297,7
8298,14
8299,95
8300,87
8301,2
8302,32
8303,98
8304,115
8305,55
8306,82
8307,108
8308,1
8309,72
8310,47
8311,4
8312,29
8313,30
8314,15
8315,272
8316,100
8317,69
8318,9
8319,11
8320,120
8321,114
8322,37
8323,99
8324,7
8325,101
8326,4
8327,95
8328,94
8329,51
8330,126
8331,82
8332,85
8333,8
8334,7
8335,86
8336,81
8337,2
8338,40
8339,25
8340,104
8341,3
8342,185
8343,7
8344,114
8345,107
8346,75
8347,63
8348,111
8349,27
8350,107
8351,4
8352,106
8353,153
8354,112
8355,107
8356,17
8357,77
8358,147
8359,95
8360,26
8361,49
8362,3
8363,122
8364,1
8365,4
8366,22
8367,133
8368,44
8369,119
8370,94
8371,68
8372,126
8373,158
8374,3
8375,79
8376,83
8377,16
8378,19
8379,3
8380,68
8381,111
8382,28
8383,12
8384,133
8385,10
8386,48
8387,18
8388,18
8389,9
8390,9
8391,77
8392,118
8393,18
8394,300
8395,12
8396,17
8397,19
8398,2
8399,73
8400,86
8401,56
8402,138
8403,76
8404,59
8405,3
8406,95
8407,84
8408,15
8409,68
8410,3
8411,2
8412,78
8413,105
8414,104
8415,86
8416,105
8417,261
8418,67
8419,5
8420,97
8421,80
8422,5
8423,95
8424,6
8425,17
8426,22
8427,175
8428,137
8429,58
8430,13
8431,58
8432,6
8433,4
8434,20
8435,9
8436,76
8437,3
8438,1
8439,108
8440,140
8441,17
8442,29
8443,9
8444,1
8445,6
8446,223
8447,4
8448,7
8449,3
8450,84
8451,2
8452,30
8453,74
8454,18
8455,116
8456,1
8457,139
8458,26
8459,101
8460,1
8461,4
8462,9
8463,112
8464,14
8465,66
8466,15
8467,67
8468,84
8469,103
8470,66
8471,16
8472,30
8473,121
8474,71
8475,100
8476,1
8477,139
8478,51
8479,16
8480,4
8481,58
8482,17
8483,8
8484,110
8485,68
8486,37
8487,54
8488,58
8489,10
8490,73
8491,7
8492,1
8493,1
8494,1
8495,98
8496,108
8497,31
8498,73
8499,38
8500,4
8501,94
8502,146
8503,95
8504,34
8505,130
8506,10
8507,38
8508,70
8509,42
8510,125
8511,15
8512,62
8513,6
8514,153
8515,1
8516,1
8517,1
8518,1
8519,2
8520,2
8521,2
8522,7
8523,4
8524,1
8525,1
8526,2
8527,1
8528,1
8529,67
8530,17
8531,68
8532,90
8533,11
8534,77
8535,8
8536,8
8537,16
8538,1
8539,25
8540,1
8541,10
8542,3
8543,7
8544,14
8545,186
8546,2
8547,17
8548,1
8549,1
8550,1
8551,2
8552,1
8553,1
8554,151
8555,69
8556,56
8557,8
8558,76
8559,12
8560,5
8561,125
8562,1
8563,56
8564,26
8565,14
8566,175
8567,2
8568,1
8569,1
8570,1
8571,1
8572,110
8573,31
8574,65
8575,31
8576,86
8577,70
8578,2
8579,104
8580,40
8581,2
8582,98
8583,17
8584,19
8585,10
8586,31
8587,110
8588,9
8589,10
8590,19
8591,91
8592,23
8593,12
8594,13
8595,4
8596,104
8597,16
8598,2
8599,3
8600,5
8601,8
8602,5
8603,14
8604,4
8605,33
8606,45
8607,1
8608,22
8609,5
8610,2
8611,40
8612,2
8613,1
8614,3
8615,1
8616,1
8617,1
8618,1
8619,1
8620,1
8621,1
8622,1
8623,1
8624,1
8625,1
8626,1
8627,1
8628,1
8629,1
8630,1
8631,1
8632,1
8633,1
8634,1
8635,1
8636,1
8637,1
8638,1
8639,2
8640,1
8641,1
8642,1
8643,1
8644,1
8645,1
8646,1
8647,1
8648,1
8649,1
8650,1
8651,113
8652,49
8653,12
8654,43
8655,9
8656,5
8657,79
8658,1
8659,21
8660,23
8661,1
8662,119
8663,6
8664,1
8665,41
8666,1
8667,30
8668,41
8669,56
8670,50
8671,36
8672,10
8673,38
8674,6
8675,16
8676,11
8677,12
8678,14
8679,2
8680,105
8681,20
8682,21
8683,9
8684,11
8685,1
8686,47
8687,3
8688,109
8689,104
8690,7
8691,14
8692,30
8693,44
8694,13
8695,12
8696,12
8697,14
8698,105
8699,55
8700,96
8701,106
8702,4
8703,23
8704,5
8705,7
8706,4
8707,90
8708,80
8709,1
8710,4
8711,3
8712,43
8713,17
8714,79
8715,77
8716,132
8717,1
8718,118
8719,2
8720,2
8721,36
8722,1
8723,18
8724,60
8725,9
8726,9
8727,9
8728,1
8729,1
8730,215
8731,125
8732,6
8733,17
8734,1
8735,86
8736,77
8737,16
8738,5
8739,2
8740,8
8741,46
8742,17
8743,3
8744,3
8745,3
8746,8
8747,6
8748,13
8749,2
8750,10
8751,95
8752,34
8753,7
8754,71
8755,4
8756,13
8757,3
8758,5
8759,6
8760,9
8761,19
8762,1
8763,12
8764,1
8765,151
8766,25
8767,2
8768,27
8769,27
8770,5
8771,88
8772,38
8773,81
8774,1
8775,1
8776,4
8777,5
8778,1
8779,24
8780,21
8781,110
8782,1
8783,42
8784,101
8785,101
8786,28
8787,1
8788,14
8789,14
8790,4
8791,78
8792,2
8793,17
8794,88
8795,2
8796,6
8797,1
8798,2
8799,1
8800,7
8801,1
8802,100
8803,5
8804,6
8805,8
8806,14
8807,1
8808,59
8809,76
8810,57
8811,4
8812,3
8813,74
8814,4
8815,1
8816,1
8817,1
8818,1
8819,1
8820,1
8821,28
8822,130
8823,6
8824,5
8825,21
8826,15
8827,2
8828,58
8829,90
8830,33
8831,60
8832,7
8833,6
8834,3
8835,33
8836,1
8837,20
8838,143
8839,56
8840,33
8841,2
8842,31
8843,64
8844,97
8845,20
8846,45
8847,38
8848,51
8849,2
8850,11
8851,14
8852,25
8853,14
8854,19
8855,33
8856,30
8857,64
8858,2
8859,2
8860,1
8861,41
8862,14
8863,4
8864,107
8865,40
8866,23
8867,48
8868,2
8869,13
8870,36
8871,62
8872,128
8873,14
8874,13
8875,1
8876,1
8877,1
8878,1
8879,1
8880,1
8881,78
8882,86
8883,113
8884,53
8885,76
8886,88
8887,163
8888,13
8889,76
8890,108
8891,47
8892,5
8893,11
8894,85
8895,39
8896,9
8897,5
8898,13
8899,91
8900,13
8901,20
8902,13
8903,4
8904,56
8905,105
8906,58
8907,89
8908,59
8909,121
8910,124
8911,64
8912,52
8913,112
8914,130
8915,54
8916,10
8917,13
8918,68
8919,2
8920,71
8921,6
8922,5
8923,62
8924,27
8925,101
8926,2
8927,41
8928,32
8929,8
8930,64
8931,61
8932,4
8933,104
8934,59
8935,65
8936,107
8937,119
8938,93
8939,3
8940,24
8941,98
8942,69
8943,94
8944,8
8945,69
8946,21
8947,1
8948,1
8949,1
8950,1
8951,1
8952,2
8953,149
8954,63
8955,98
8956,17
8957,38
8958,15
8959,98
8960,52
8961,51
8962,2
8963,12
8964,141
8965,5
8966,111
8967,79
8968,2
8969,22
8970,59
8971,134
8972,1
8973,1
8974,1
8975,6
8976,1
8977,1
8978,146
8979,88
8980,7
8981,44
8982,8
8983,2
8984,108
8985,7
8986,63
8987,12
8988,50
8989,22
8990,12
8991,13
8992,2
8993,17
8994,23
8995,16
8996,20
8997,8
8998,13
8999,28
9000,3
9001,3
9002,1
9003,1
9004,1
9005,74
9006,1
9007,23
9008,68
9009,98
9010,100
9011,5
9012,28
9013,102
9014,3
9015,5
9016,29
9017,76
9018,1
9019,87
9020,20
9021,10
9022,3
9023,98
9024,17
9025,90
9026,2
9027,85
9028,8
9029,54
9030,88
9031,6
9032,1
9033,2
9034,14
9035,9
9036,22
9037,91
9038,16
9039,3
9040,33
9041,7
9042,52
9043,23
9044,6
9045,10
9046,88
9047,117
9048,46
9049,18
9050,57
9051,1
9052,2
9053,17
9054,1
9055,1
9056,1
9057,1
9058,6
9059,90
9060,22
9061,4
9062,7
9063,8
9064,5
9065,1
9066,12
9067,98
9068,1
9069,17
9070,14
9071,2
9072,42
9073,4
9074,68
9075,10
9076,8
9077,36
9078,2
9079,23
9080,6
9081,73
9082,4
9083,92
9084,22
9085,21
9086,67
9087,25
9088,11
9089,1
9090,81
9091,25
9092,6
9093,21
9094,18
9095,20
9096,112
9097,2
9098,52
9099,5
9100,28
9101,94
9102,31
9103,5
9104,20
9105,3
9106,66
9107,65
9108,6
9109,30
9110,114
9111,3
9112,34
9113,22
9114,3
9115,1
9116,1
9117,2
9118,82
9119,1
9120,2
9121,16
9122,33
9123,77
9124,37
9125,6
9126,109
9127,13
9128,73
9129,28
9130,51
9131,6
9132,25
9133,18
9134,4
9135,98
9136,114
9137,38
9138,79
9139,161
9140,23
9141,20
9142,11
9143,8
9144,32
9145,70
9146,111
9147,29
9148,25
9149,92
9150,18
9151,12
9152,100
9153,12
9154,48
9155,32
9156,110
9157,133
9158,7
9159,95
9160,13
9161,110
9162,4
9163,85
9164,113
9165,34
9166,100
9167,96
9168,1
9169,7
9170,2
9171,65
9172,14
9173,11
9174,44
9175,63
9176,13
9177,11
9178,9
9179,174
9180,15
9181,152
9182,104
9183,49
9184,62
9185,46
9186,64
9187,101
9188,21
9189,80
9190,33
9191,49
9192,93
9193,79
9194,98
9195,114
9196,103
9197,132
9198,116
9199,51
9200,55
9201,43
9202,99
9203,73
9204,83
9205,77
9206,15
9207,12
9208,2
9209,16
9210,18
9211,86
9212,109
9213,78
9214,51
9215,71
9216,68
9217,9
9218,36
9219,8
9220,4
9221,2
9222,95
9223,3
9224,35
9225,15
9226,81
9227,91
9228,16
9229,74
9230,1
9231,30
9232,85
9233,8
9234,73
9235,83
9236,93
9237,117
9238,141
9239,4
9240,26
9241,9
9242,18
9243,78
9244,257
9245,84
9246,340
9247,149
9248,89
9249,30
9250,96
9251,2
9252,16
9253,60
9254,1
9255,99
9256,82
9257,121
9258,65
9259,11
9260,17
9261,19
9262,100
9263,95
9264,93
9265,27
9266,48
9267,79
9268,1
9269,1
9270,1
9271,193
9272,14
9273,49
9274,1
9275,85
9276,97
9277,29
9278,86
9279,116
9280,4
9281,5
9282,78
9283,212
9284,63
9285,14
9286,34
9287,83
9288,104
9289,59
9290,116
9291,46
9292,10
9293,75
9294,93
9295,84
9296,16
9297,56
9298,14
9299,78
9300,84
9301,1
9302,1
9303,1
9304,1
9305,1
9306,88
9307,97
9308,21
9309,98
9310,27
9311,98
9312,104
9313,82
9314,7
9315,61
9316,120
9317,49
9318,102
9319,85
9320,78
9321,110
9322,93
9323,13
9324,121
9325,44
9326,82
9327,13
9328,31
9329,92
9330,85
9331,96
9332,13
9333,35
9334,107
9335,42
9336,37
9337,110
9338,63
9339,86
9340,80
9341,39
9342,17
9343,82
9344,77
9345,68
9346,35
9347,122
9348,85
9349,96
9350,82
9351,5
9352,19
9353,51
9354,23
9355,55
9356,135
9357,91
9358,97
9359,91
9360,112
9361,142
9362,15
9363,24
9364,71
9365,101
9366,75
9367,96
9368,94
9369,111
9370,86
9371,160
9372,122
9373,68
9374,25
9375,24
9376,112
9377,81
9378,76
9379,39
9380,104
9381,9
9382,76
9383,86
9384,12
9385,24
9386,97
9387,18
9388,101
9389,14
9390,6
9391,78
9392,54
9393,62
9394,13
9395,115
9396,16
9397,80
9398,111
9399,83
9400,5
9401,10
9402,70
9403,163
9404,24
9405,36
9406,27
9407,96
9408,12
9409,45
9410,127
9411,5
9412,10
9413,55
9414,110
9415,63
9416,101
9417,56
9418,2
9419,25
9420,17
9421,101
9422,89
9423,58
9424,12
9425,89
9426,94
9427,10
9428,4
9429,73
9430,101
9431,79
9432,3
9433,3
9434,142
9435,80
9436,124
9437,83
9438,88
9439,87
9440,92
9441,1
9442,3
9443,59
9444,83
9445,98
9446,57
9447,63
9448,88
9449,17
9450,19
9451,4
9452,66
9453,54
9454,77
9455,7
9456,84
9457,1
9458,6
9459,91
9460,15
9461,75
9462,6
9463,103
9464,83
9465,53
9466,108
9467,47
9468,51
9469,11
9470,10
9471,71
9472,62
9473,76
9474,84
9475,57
9476,123
9477,71
9478,19
9479,100
9480,42
9481,91
9482,169
9483,4
9484,62
9485,95
9486,121
9487,38
9488,84
9489,47
9490,82
9491,91
9492,83
9493,2
9494,6
9495,10
9496,77
9497,76
9498,115
9499,7
9500,114
9501,5
9502,5
9503,85
9504,82
9505,56
9506,71
9507,90
9508,89
9509,92
9510,33
9511,12
9512,19
9513,116
9514,101
9515,158
9516,103
9517,88
9518,142
9519,11
9520,62
9521,104
9522,168
9523,2
9524,68
9525,2
9526,102
9527,86
9528,68
9529,105
9530,93
9531,1
9532,145
9533,84
9534,19
9535,46
9536,73
9537,68
9538,92
9539,20
9540,87
9541,53
9542,121
9543,5
9544,49
9545,103
9546,56
9547,82
9548,85
9549,12
9550,70
9551,101
9552,9
9553,97
9554,6
9555,1
9556,75
9557,5
9558,4
9559,10
9560,94
9561,65
9562,78
9563,121
9564,79
9565,15
9566,100
9567,96
9568,23
9569,47
9570,38
9571,13
9572,92
9573,2
9574,29
9575,23
9576,1
9577,1
9578,82
9579,19
9580,32
9581,15
9582,6
9583,15
9584,94
9585,5
9586,15
9587,95
9588,1
9589,37
9590,53
9591,80
9592,20
9593,90
9594,92
9595,13
9596,127
9597,103
9598,7
9599,88
9600,8
9601,59
9602,184
9603,58
9604,79
9605,12
9606,106
9607,89
9608,124
9609,79
9610,64
9611,90
9612,98
9613,216
9614,73
9615,1
9616,12
9617,20
9618,109
9619,13
9620,92
9621,8
9622,5
9623,100
9624,1
9625,13
9626,91
9627,14
9628,80
9629,23
9630,100
9631,25
9632,91
9633,82
9634,140
9635,4
9636,7
9637,84
9638,101
9639,98
9640,20
9641,77
9642,50
9643,137
9644,74
9645,1
9646,110
9647,16
9648,69
9649,63
9650,44
9651,27
9652,66
9653,108
9654,92
9655,126
9656,1
9657,1
9658,64
9659,79
9660,61
9661,83
9662,77
9663,38
9664,117
9665,93
9666,399
9667,49
9668,98
9669,115
9670,86
9671,79
9672,50
9673,97
9674,64
9675,44
9676,84
9677,47
9678,88
9679,84
9680,71
9681,94
9682,25
9683,2
9684,14
9685,3
9686,3
9687,85
9688,92
9689,6
9690,32
9691,94
9692,12
9693,18
9694,7
9695,76
9696,115
9697,35
9698,63
9699,103
9700,90
9701,85
9702,21
9703,13
9704,73
9705,6
9706,69
9707,35
9708,21
9709,1
9710,1
9711,14
9712,4
9713,10
9714,92
9715,89
9716,19
9717,70
9718,82
9719,118
9720,60
9721,38
9722,54
9723,93
9724,5
9725,68
9726,25
9727,3
9728,96
9729,9
9730,103
9731,2
9732,77
9733,95
9734,117
9735,74
9736,96
9737,126
9738,12
9739,121
9740,110
9741,2
9742,1
9743,81
9744,33
9745,9
9746,63
9747,11
9748,115
9749,85
9750,22
9751,71
9752,32
9753,86
9754,134
9755,72
9756,121
9757,21
9758,4
9759,65
9760,8
9761,39
9762,70
9763,100
9764,13
9765,23
9766,79
9767,101
9768,181
9769,8
9770,3
9771,72
9772,70
9773,108
9774,9
9775,60
9776,29
9777,36
9778,10
9779,7
9780,88
9781,13
9782,106
9783,3
9784,14
9785,83
9786,1
9787,58
9788,82
9789,137
9790,46
9791,11
9792,96
9793,5
9794,131
9795,51
9796,3
9797,48
9798,18
9799,123
9800,29
9801,24
9802,56
9803,85
9804,6
9805,5
9806,89
9807,8
9808,138
9809,85
9810,71
9811,20
9812,14
9813,84
9814,68
9815,2
9816,183
9817,19
9818,157
9819,89
9820,112
9821,88
9822,88
9823,33
9824,91
9825,72
9826,91
9827,128
9828,5
9829,59
9830,75
9831,108
9832,74
9833,1
9834,82
9835,100
9836,109
9837,88
9838,17
9839,75
9840,5
9841,10
9842,103
9843,16
9844,9
9845,63
9846,23
9847,106
9848,39
9849,34
9850,40
9851,65
9852,79
9853,9
9854,10
9855,13
9856,136
9857,116
9858,4
9859,146
9860,99
9861,76
9862,108
9863,81
9864,37
9865,104
9866,8
9867,6
9868,59
9869,85
9870,101
9871,8
9872,85
9873,100
9874,119
9875,98
9876,37
9877,122
9878,50
9879,80
9880,1
9881,11
9882,36
9883,83
9884,111
9885,56
9886,50
9887,89
9888,148
9889,34
9890,154
9891,6
9892,82
9893,88
9894,6
9895,85
9896,57
9897,46
9898,68
9899,92
9900,147
9901,92
9902,128
9903,82
9904,35
9905,10
9906,106
9907,93
9908,4
9909,46
9910,91
9911,23
9912,92
9913,67
9914,74
9915,100
9916,47
9917,137
9918,100
9919,18
9920,51
9921,50
9922,81
9923,25
9924,80
9925,79
9926,105
9927,70
9928,26
9929,4
9930,2
9931,119
9932,56
9933,107
9934,71
9935,76
9936,14
9937,59
9938,4
9939,38
9940,74
9941,83
9942,87
9943,191
9944,83
9945,79
9946,98
9947,12
9948,95
9949,1
9950,64
9951,3
9952,5
9953,28
9954,4
9955,4
9956,99
9957,168
9958,21
9959,4
9960,10
9961,24
9962,15
9963,114
9964,18
9965,65
9966,58
9967,31
9968,17
9969,80
9970,13
9971,2
9972,65
9973,110
9974,110
9975,22
9976,12
9977,21
9978,9
9979,8
9980,16
9981,7
9982,65
9983,3
9984,131
9985,6
9986,175
9987,1
9988,9
9989,103
9990,45
9991,64
9992,85
9993,40
9994,6
9995,67
9996,78
9997,1
9998,34
9999,82
10000,95
10001,15
10002,17
10003,34
10004,12
10005,250
10006,2
10007,75
10008,80
10009,57
10010,97
10011,5
10012,1
10013,20
10014,37
10015,56
10016,87
10017,74
10018,35
10019,14
10020,16
10021,17
10022,77
10023,20
10024,69
10025,32
10026,6
10027,65
10028,1
10029,61
10030,2
10031,79
10032,250
10033,20
10034,86
10035,77
10036,84
10037,90
10038,116
10039,209
10040,75
10041,38
10042,147
10043,4
10044,10
10045,15
10046,35
10047,795
10048,90
10049,57
10050,24
10051,79
10052,48
10053,57
10054,54
10055,72
10056,1
10057,77
10058,86
10059,65
10060,30
10061,26
10062,10
10063,79
10064,11
10065,90
10066,9
10067,132
10068,37
10069,69
10070,108
10071,107
10072,11
10073,97
10074,125
10075,89
10076,5
10077,66
10078,79
10079,187
10080,10
10081,50
10082,69
10083,22
10084,71
10085,8
10086,41
10087,2
10088,96
10089,2
10090,88
10091,89
10092,4
10093,83
10094,5
10095,54
10096,132
10097,65
10098,104
10099,64
10100,13
10101,3
10102,70
10103,2
10104,23
10105,1
10106,7
10107,7
10108,67
10109,87
10110,1
10111,90
10112,4
10113,91
10114,362
10115,8
10116,9
10117,77
10118,77
10119,59
10120,70
10121,5
10122,11
10123,66
10124,32
10125,113
10126,71
10127,41
10128,37
10129,122
10130,27
10131,63
10132,32
10133,119
10134,18
10135,5
10136,3
10137,2
10138,3
10139,11
10140,85
10141,24
10142,68
10143,95
10144,26
10145,1
10146,119
10147,80
10148,130
10149,80
10150,21
10151,99
10152,22
10153,71
10154,72
10155,136
10156,82
10157,145
10158,114
10159,53
10160,7
10161,42
10162,15
10163,22
10164,18
10165,26
10166,218
10167,87
10168,69
10169,148
10170,12
10171,1
10172,56
10173,58
10174,100
10175,94
10176,8
10177,68
10178,39
10179,30
10180,4
10181,89
10182,80
10183,22
10184,58
10185,22
10186,4
10187,24
10188,70
10189,3
10190,35
10191,91
10192,68
10193,117
10194,118
10195,4
10196,6
10197,23
10198,106
10199,76
10200,14
10201,195
10202,44
10203,4
10204,44
10205,35
10206,47
10207,105
10208,14
10209,82
10210,78
10211,139
10212,79
10213,4
10214,17
10215,50
10216,5
10217,4
10218,17
10219,120
10220,4
10221,45
10222,27
10223,59
10224,6
10225,102
10226,12
10227,10
10228,8
10229,49
10230,10
10231,5
10232,87
10233,3
10234,7
10235,172
10236,129
10237,63
10238,38
10239,9
10240,83
10241,79
10242,61
10243,2
10244,54
10245,58
10246,12
10247,1
10248,1
10249,1
10250,1
10251,1
10252,1
10253,1
10254,1
10255,75
10256,6
10257,63
10258,81
10259,42
10260,89
10261,143
10262,62
10263,1
10264,9
10265,115
10266,79
10267,7
10268,3
10269,52
10270,9
10271,8
10272,105
10273,87
10274,106
10275,4
10276,13
10277,22
10278,38
10279,13
10280,84
10281,1
10282,87
10283,37
10284,101
10285,15
10286,33
10287,7
10288,47
10289,99
10290,2
10291,31
10292,80
10293,11
10294,106
10295,6
10296,137
10297,54
10298,32
10299,4
10300,3
10301,74
10302,10
10303,76
10304,21
10305,108
10306,5
10307,18
10308,26
10309,1
10310,4
10311,17
10312,3
10313,221
10314,73
10315,1
10316,79
10317,64
10318,102
10319,2
10320,1
10321,66
10322,13
10323,79
10324,7
10325,7
10326,103
10327,35
10328,91
10329,1
10330,7
10331,28
10332,7
10333,6
10334,18
10335,133
10336,27
10337,13
10338,22
10339,62
10340,91
10341,36
10342,4
10343,90
10344,2
10345,5
10346,73
10347,5
10348,35
10349,43
10350,3
10351,3
10352,35
10353,160
10354,21
10355,42
10356,21
10357,12
10358,14
10359,4
10360,3
10361,3
10362,7
10363,4
10364,9
10365,17
10366,1
10367,28
10368,54
10369,5
10370,1
10371,5
10372,3
10373,48
10374,40
10375,21
10376,84
10377,88
10378,13
10379,3
10380,6
10381,10
10382,19
10383,98
10384,30
10385,10
10386,1
10387,37
10388,152
10389,16
10390,32
10391,10
10392,6
10393,3
10394,4
10395,1
10396,53
10397,34
10398,57
10399,5
10400,90
10401,1
10402,1
10403,1
10404,1
10405,1
10406,1
10407,275
10408,13
10409,1
10410,2
10411,1
10412,1
10413,2
10414,1
10415,1
10416,1
10417,1
10418,1
10419,1
10420,17
10421,32
10422,22
10423,67
10424,9
10425,3
10426,1
10427,48
10428,15
10429,18
10430,27
10431,59
10432,37
10433,3
10434,17
10435,2
10436,1
10437,5
10438,12
10439,7
10440,1
10441,41
10442,32
10443,14
10444,33
10445,3
10446,16
10447,8
10448,162
10449,134
10450,78
10451,2
10452,2
10453,1
10454,5
10455,1
10456,8
10457,86
10458,6
10459,7
10460,16
10461,8
10462,73
10463,40
10464,3
10465,24
10466,1
10467,12
10468,2
10469,12
10470,4
10471,8
10472,8
10473,57
10474,35
10475,76
10476,20
10477,99
10478,5
10479,4
10480,2
10481,15
10482,9
10483,40
10484,116
10485,56
10486,68
10487,90
10488,23
10489,89
10490,90
10491,125
10492,186
10493,109
10494,14
10495,69
10496,169
10497,244
10498,12
10499,3
10500,1
10501,1
10502,1
10503,3
10504,129
10505,57
10506,20
10507,11
10508,4
10509,7
10510,65
10511,56
10512,102
10513,123
10514,64
10515,14
10516,13
10517,53
10518,22
10519,30
10520,10
10521,55
10522,96
10523,16
10524,13
10525,18
10526,65
10527,67
10528,106
10529,39
10530,59
10531,108
10532,85
10533,3
10534,24
10535,106
10536,3
10537,3
10538,69
10539,23
10540,21
10541,3
10542,4
10543,133
10544,65
10545,44
10546,1
10547,5
10548,1
10549,13
10550,11
10551,1
10552,1
10553,1
10554,1
10555,5
10556,67
10557,12
10558,4
10559,1
10560,80
10561,17
10562,35
10563,114
10564,5
10565,204
10566,21
10567,57
10568,84
10569,58
10570,50
10571,25
10572,29
10573,95
10574,4
10575,3
10576,7
10577,78
10578,92
10579,49
10580,9
10581,119
10582,7
10583,86
10584,86
10585,64
10586,107
10587,3
10588,95
10589,99
10590,41
10591,26
10592,53
10593,107
10594,8
10595,60
10596,6
10597,33
10598,9
10599,106
10600,3
10601,3
10602,7
10603,32
10604,29
10605,70
10606,8
10607,12
10608,59
10609,76
10610,119
10611,14
10612,11
10613,8
10614,6
10615,1
10616,1
10617,3
10618,47
10619,14
